RenameElement,,PLATFORM,229,1379,12064
GotoNextElementUnderCaretUsage,,PLATFORM,3,3,12064
Git.Clone,Git4Idea,JB_BUNDLED,46,97,12064
NewDirectoryProject,,PLATFORM,2,2,12064
Go.NewGoFile,org.jetbrains.plugins.go,JB_NOT_BUNDLED,2,16,12064
Find,,PLATFORM,6,10,12064
GotoDeclaration,,PLATFORM,9,12,12064
org.jetbrains.plugins.groovy.actions.generate.missing.GroovyGenerateMethodMissingAction,org.intellij.groovy,JB_BUNDLED,1,1,12064
CopyPathFromRepositoryRootProvider,Git4Idea,JB_BUNDLED,4,7,12064
EditorCompleteStatement,,PLATFORM,3,3,12064
EditorScrollRight,,PLATFORM,1,1,12064
Scala.ShowImplicitArguments,org.intellij.scala,JB_NOT_BUNDLED,9,18,12064
RerunTests,,PLATFORM,11,14,12064
CompileDirty,com.intellij.java,JB_BUNDLED,12,177,12064
com.intellij.ide.actionMacro.ActionMacroManager$InvokeMacroAction,,PLATFORM,9,33,12064
TypeScript.Enable.Service,JavaScript,JB_BUNDLED,7,22,12064
CIDR.DebugDumpBuildingSymbols,,PLATFORM,1,1,12064
EditLibraryAndDependencies,org.jetbrains.android,JB_BUNDLED,1,1,12064
Faces.CreateFacesConfigAction,com.intellij.jsf,JB_BUNDLED,1,2,12064
JupyterCreateFileAction,Pythonid,JB_BUNDLED,1,1,12064
ShowRegistry,,PLATFORM,243,397,12064
Performance.ActivityMonitor,,PLATFORM,12,17,12064
TogglePowerSave,,PLATFORM,28,83,12064
EditorSetRtlBidiTextDirection,,PLATFORM,1,45,12064
IntroduceConstant,,PLATFORM,33,123,12064
CopyAbsolutePath,,PLATFORM,5,21,12064
PhpListenDebugAction,com.jetbrains.php,JB_BUNDLED,11,46,12064
GenerateSetter,com.intellij.java,JB_BUNDLED,9,15,12064
GoImportsFileAction,org.jetbrains.plugins.go,JB_NOT_BUNDLED,3,6,12064
Stop,,PLATFORM,4,27,12064
Android.RunAndroidSdkManager,com.jetbrains.rider.android,JB_NOT_BUNDLED,2,2,12064
ChangeKeymap,,PLATFORM,214,355,12064
EditorPasteSimple,,PLATFORM,7,10,12064
HideCoverage,,PLATFORM,12,25,12064
EditorBreadcrumbsShowBelow,,PLATFORM,5,49,12064
MaximizeActiveDialog,,PLATFORM,1,1,12064
IntroduceFunctionalParameter,,PLATFORM,3,3,12064
org.jetbrains.plugins.ruby.rails.actions.navigation.SwitchToView,org.jetbrains.plugins.ruby,JB_NOT_BUNDLED,2,4,12064
RiderDotCoverExportXmlNDependReportAction,com.jetbrains.dotCover,JB_BUNDLED,1,1,12064
performancePlugin.ProfileSlowStartupAction,com.jetbrains.performancePlugin,JB_BUNDLED,1,2,12064
ConfigureKotlinJsInProject,org.jetbrains.kotlin,JB_BUNDLED,4,5,12064
ReSharperNavigateTo,,PLATFORM,2,4,12064
Makefile.CleanAndRefreshMakefileProject,com.intellij.clion-makefile,JB_BUNDLED,2,3,12064
ShowSettingsAndFindUsages,,PLATFORM,5,6,12064
MaintenanceAction,,PLATFORM,6,7,12064
Console.TableResult.Copy.Csv.Settings,com.intellij.database,JB_BUNDLED,1,1,12064
DatabaseView.AddDriver,com.intellij.database,JB_BUNDLED,2,2,12064
ShelfChanges.Settings,,PLATFORM,6,19,12064
FileStructurePopup,,PLATFORM,18,23,12064
OverrideMethods,,PLATFORM,55,111,12064
ExtractFunction,org.jetbrains.kotlin,JB_UPDATED_BUNDLED,8,27,12064
EditorCloneCaretBelow,,PLATFORM,14,77,12064
FillParagraph,,PLATFORM,5,14,12064
ReSharperReanalyzeFilesWithErrors,,PLATFORM,1,1,12064
ShowIntentionActions,,PLATFORM,3,3,12064
ShowProcessWindow,,PLATFORM,5,7,12064
CreateOpenapiSpecification,com.intellij.swagger,JB_BUNDLED,3,4,12064
Console.TableResult.GoToScriptsDirectory,com.intellij.database,JB_BUNDLED,1,1,12064
Unwrap,,PLATFORM,9,11,12064
EditorToggleShowIndentLines,,PLATFORM,1,4,12064
ToggleBookmark5,,PLATFORM,1,1,12064
SafeDelete,,PLATFORM,6,23,12064
MarkExcludeRoot,,PLATFORM,10,18,12064
ProjectView.ShowExcludedFiles,,PLATFORM,3,9,12064
QuickEvaluateExpression,,PLATFORM,1,1,12064
Scala.ExpandImplicits,org.intellij.scala,JB_NOT_BUNDLED,1,2,12064
HighlightUsagesInFile,,PLATFORM,7,11,12064
ConvertToWindowsLineSeparators,,PLATFORM,3,5,12064
performancePlugin.ExecuteScriptAction,com.jetbrains.performancePlugin,JB_BUNDLED,2,2,12064
AssemblyExplorerOpenFolder,,PLATFORM,1,1,12064
org.jetbrains.plugins.notebooks.visualization.r.inlays.components.ImageSettingsAction,R4Intellij,JB_NOT_BUNDLED,17,29,12064
SurroundWithEmmet,,PLATFORM,11,34,12064
Scala.ShowImplicitConversions,org.intellij.scala,JB_NOT_BUNDLED,5,7,12064
PhpGenerateConstructor,com.jetbrains.php,JB_BUNDLED,8,21,12064
ReplaceInPath,,PLATFORM,47,128,12064
WebServicesPlugin.GenerateWsdlFromJava,com.jetbrains.jax.ws,JB_BUNDLED,3,4,12064
ViewImportPopups,,PLATFORM,1,1,12064
EditBookmark,,PLATFORM,1,1,12064
com.jetbrains.plugins.remotesdk.console.RunSshConsoleAction,org.jetbrains.plugins.remote-run,JB_BUNDLED,65,519,12064
TogglePresentationMode,,PLATFORM,118,361,12064
WelcomeScreen.Configure.VMOptions,,PLATFORM,61,87,12064
SearchEverywhere,,PLATFORM,37,48,12064
SliceBackward,,PLATFORM,6,14,12064
DumpFocusableComponentHierarchyAction,,PLATFORM,3,3,12064
StretchSplitToRight,,PLATFORM,1,1,12064
ScrollPane-unitScrollRight,,PLATFORM,1,1,12064
Arrangement.Custom.Token.Rule.Edit,,PLATFORM,8,8,12064
Kotlin.NewFile,org.jetbrains.kotlin,JB_UPDATED_BUNDLED,3,8,12064
ConvertJavaToKotlin,org.jetbrains.kotlin,JB_BUNDLED,1,17,12064
Docker.AddDockerConnection,Docker,JB_NOT_BUNDLED,1,1,12064
FullyExpandTreeNode,,PLATFORM,1,1,12064
RiderNuGetRestoreForceAction,,PLATFORM,9,12,12064
EditorPageDown,,PLATFORM,5,5,12064
RiderExportToEditorConfig,,PLATFORM,1,1,12064
SwiftGenerateDocComment,com.intellij.swift.doc,JB_BUNDLED,1,1,12064
ActivateProblemsViewToolWindow,,PLATFORM,13,14,12064
ImportSettings,,PLATFORM,17,29,12064
WelcomeScreen.Update,,PLATFORM,50,60,12064
RecentChanges,,PLATFORM,11,13,12064
tasks.goto,com.intellij.tasks,JB_BUNDLED,12,54,12064
LocalHistory.PutLabel,,PLATFORM,6,8,12064
SliceForward,,PLATFORM,3,3,12064
InferNullity,com.intellij.java,JB_BUNDLED,5,14,12064
ChangesView.ShelveSilently,,PLATFORM,2,10,12064
EditorToggleStickySelection,,PLATFORM,2,2,12064
TypeScriptExtractTypeAlias,JavaScript,JB_BUNDLED,1,1,12064
Educational.WatchTutorial,com.jetbrains.edu,JB_NOT_BUNDLED,1,1,12064
ToggleBookmark2,,PLATFORM,1,1,12064
RecentFiles,,PLATFORM,14,15,12064
RearrangeCode,,PLATFORM,32,116,12064
tasks.configure.servers,com.intellij.tasks,JB_BUNDLED,17,17,12064
EditorBreadcrumbsHideBoth,,PLATFORM,9,84,12064
CompileDirty,,PLATFORM,1,1,12064
FindUsagesInFile,,PLATFORM,3,3,12064
HTTP.Request.NewFile,com.jetbrains.restClient,JB_BUNDLED,14,17,12064
ShowUmlDiagram,com.intellij.diagram,JB_BUNDLED,10,13,12064
Debugger.ReloadFile,com.intellij.java,JB_BUNDLED,2,28,12064
EditorBackwardParagraphWithSelection,,PLATFORM,1,1,12064
Android.ExportProjectZip,org.jetbrains.android,JB_BUNDLED,7,15,12064
ShowLearnPanel,training,JB_NOT_BUNDLED,4,4,12064
EslintImportCodeStyle,JavaScript,JB_BUNDLED,2,2,12064
org.jetbrains.plugins.ruby.gem.bundler.actions.RunBundlerUpdateAction,org.jetbrains.plugins.ruby,JB_BUNDLED,1,1,12064
Git.Stash,Git4Idea,JB_BUNDLED,213,501,12064
ExecuteInPyConsoleAction,PythonCore,JB_NOT_BUNDLED,1,1,12064
com.intellij.usages.impl.UsageViewImpl$ShowSettings,,PLATFORM,1,1,12064
Git.Pull,Git4Idea,JB_BUNDLED,493,2875,12064
Maven.ToggleLookNested,org.jetbrains.idea.maven,JB_BUNDLED,5,7,12064
Vcs.Show.Local.Changes,,PLATFORM,69,182,12064
Git.Merge,Git4Idea,JB_BUNDLED,101,455,12064
bootRuntime.main.ChooseBootRuntimeAction,com.jetbrains.ChooseRuntime,JB_NOT_BUNDLED,110,199,12064
NewProject,com.intellij.java,JB_BUNDLED,3,3,12064
ChangePHPInterpreter,com.jetbrains.php,JB_BUNDLED,12,23,12064
ProjectView.HideEmptyMiddlePackages,,PLATFORM,5,6,12064
EditorCutLineEnd,,PLATFORM,1,1,12064
KotlinGenerateToString,org.jetbrains.kotlin,JB_UPDATED_BUNDLED,1,2,12064
ToggleBookmark8,,PLATFORM,3,3,12064
Maven.IgnoreProjects,org.jetbrains.idea.maven,JB_BUNDLED,1,1,12064
CompareClipboardWithSelection,,PLATFORM,82,205,12064
InspectCode,,PLATFORM,61,131,12064
UpdateFiles,,PLATFORM,3,19,12064
EditorSetContentBasedBidiTextDirection,,PLATFORM,4,5,12064
MoveStatementDown,,PLATFORM,3,3,12064
Runner.RestoreLayout,,PLATFORM,1,1,12064
Kubernetes.HelmTemplateDiff,com.intellij.kubernetes,JB_NOT_BUNDLED,1,11,12064
Jdbc.OpenConsole.New,com.intellij.database,JB_BUNDLED,3,3,12064
stardust.actions.ReportStardustIssue,stardust,JB_NOT_BUNDLED,3,5,12064
ComposerShowLogAction,com.jetbrains.php,JB_BUNDLED,1,2,12064
NextWindow,,PLATFORM,1,1,12064
GotoNextBookmark,,PLATFORM,11,25,12064
Github.View.Pull.Request,org.jetbrains.plugins.github,JB_BUNDLED,37,49,12064
ChangeColorScheme,,PLATFORM,49,157,12064
XDebugger.MuteBreakpoints,,PLATFORM,14,46,12064
CollapseRegionRecursively,,PLATFORM,4,4,12064
OnlineDocAction,,PLATFORM,3,3,12064
Docker.AddDockerConnection,Docker,JB_BUNDLED,3,3,12064
VimActions,IdeaVIM,JB_NOT_BUNDLED,15,26,12064
Session.Close,com.intellij.database,JB_BUNDLED,1,1,12064
HideSideWindows,,PLATFORM,1,1,12064
EditorNextWordWithSelection,,PLATFORM,1,1,12064
org.jetbrains.r.debugger.RImportBaseDataAction,R4Intellij,JB_NOT_BUNDLED,1,1,12064
GoCoreDumpAction,org.jetbrains.plugins.go,JB_NOT_BUNDLED,1,1,12064
Build,,PLATFORM,1,4,12064
ActivateDatabaseToolWindow,,PLATFORM,75,233,12064
RiderUnitTestCoverSolutionAction,com.jetbrains.dotCover,JB_BUNDLED,2,3,12064
EmojiAndSymbols,,PLATFORM,2,3,12064
RunDashboard.Run,,PLATFORM,1,1,12064
MessDetectorAddToIgnored,com.jetbrains.php,JB_BUNDLED,1,2,12064
PhpExtractClassAction,com.jetbrains.php,JB_NOT_BUNDLED,1,1,12064
SharedIndexes.DumpSharedIndex,intellij.indexing.shared,JB_NOT_BUNDLED,1,1,12064
Docker.RemoteServers.StartContainer,Docker,JB_BUNDLED,1,8,12064
EditorContextInfo,,PLATFORM,2,2,12064
GotoRelated,,PLATFORM,2,3,12064
CleanSelectionAction,,PLATFORM,1,2,12064
EditorDeleteToLineEnd,,PLATFORM,1,1,12064
CMake.ToggleCMakeAutoReload,,PLATFORM,2,3,12064
Help.JetBrainsTV,,PLATFORM,4,4,12064
RescanPythonModulesAndPackages,Pythonid,JB_NOT_BUNDLED,1,1,12064
Hotswap,com.intellij.java,JB_BUNDLED,5,27,12064
ExpandToLevel4,,PLATFORM,1,1,12064
GenerateTestMethod,com.intellij.java,JB_BUNDLED,6,11,12064
EditorMatchBrace,,PLATFORM,6,6,12064
JavaScript.Debugger.ToggleExceptionBreakpoint,JavaScriptDebugger,JB_BUNDLED,4,4,12064
TFFmtFileAction,org.intellij.plugins.hcl,JB_NOT_BUNDLED,10,68,12064
WelcomeScreen.OpenSolution,,PLATFORM,3,3,12064
com.intellij.ws.actions.ConvertCurlToHttpRequestAction,com.jetbrains.restClient,JB_BUNDLED,2,4,12064
ShelveChanges.UnshelveWithDialog,,PLATFORM,2,3,12064
ScrollPane-unitScrollUp,,PLATFORM,1,1,12064
EditorDownWithSelection,,PLATFORM,2,2,12064
BuildProfile,,PLATFORM,1,1,12064
EditorCodeBlockStart,,PLATFORM,3,3,12064
ToggleZenMode,,PLATFORM,83,316,12064
ShowKotlinBytecode,org.jetbrains.kotlin,JB_UPDATED_BUNDLED,29,77,12064
EditorTab,,PLATFORM,8,9,12064
Git.Squash.Commits,Git4Idea,JB_BUNDLED,2,2,12064
FindDependantCodeInSolutionAction,,PLATFORM,1,1,12064
CollapseDocComments,,PLATFORM,7,10,12064
Makefile.RefreshMakefileProject,com.intellij.clion-makefile,JB_BUNDLED,1,4,12064
Maven.ToggleOffline,org.jetbrains.idea.maven,JB_BUNDLED,2,4,12064
UiInspector,,PLATFORM,1,3,12064
org.jetbrains.r.run.graphics.ui.RZoomGraphicsAction,R4Intellij,JB_NOT_BUNDLED,1,1,12064
WelcomeScreen.ManageLicense,,PLATFORM,42,58,12064
PsiViewerForContext,,PLATFORM,3,34,12064
ViewMainMenu,,PLATFORM,58,129,12064
ShowExperiments,,PLATFORM,17,19,12064
IntroduceField,,PLATFORM,14,32,12064
EscapeEntities,,PLATFORM,3,81,12064
UML.ShowChanges,com.intellij.diagram,JB_BUNDLED,3,3,12064
CollapseBlock,,PLATFORM,5,8,12064
Git.CherryPick.Abort,Git4Idea,JB_BUNDLED,2,5,12064
GenerateEntityListenerMethods,com.intellij.javaee.jpa,JB_BUNDLED,1,1,12064
MethodDuplicates,com.intellij.java,JB_BUNDLED,3,10,12064
RunConfiguration,,PLATFORM,4,4,12064
Cargo.ShowSettings,org.rust.lang,JB_NOT_BUNDLED,1,1,12064
CopySourceRootPath,,PLATFORM,1,1,12064
Generate.SetAccessor.Dart,Dart,JB_NOT_BUNDLED,1,1,12064
NewFormSnapshot,com.intellij.uiDesigner,JB_BUNDLED,1,1,12064
CloudConfigSelfSettingsAction,com.intellij.CloudConfig,JB_BUNDLED,10,10,12064
com.jetbrains.plugins.vagrant.actions.VagrantUpAction,org.jetbrains.plugins.vagrant,JB_BUNDLED,4,17,12064
PasteMultiple,,PLATFORM,9,9,12064
JupyterClearOutputsAction,Pythonid,JB_BUNDLED,2,21,12064
AttachToUnityProcessAction,com.intellij.resharper.unity,JB_BUNDLED,3,10,12064
ActivateBuildToolWindow,,PLATFORM,8,8,12064
PhpDebugBreakAtFirstLine,com.jetbrains.php,JB_BUNDLED,7,22,12064
ShowLiveRunConfigurations,,PLATFORM,1,1,12064
Debug,,PLATFORM,23,92,12064
JS.TypeScript.Compile,JavaScript,JB_BUNDLED,5,9,12064
ShowSQLLog,com.intellij.database,JB_BUNDLED,3,4,12064
RiderNuGetShowSettingsAction,,PLATFORM,1,1,12064
ShowModulesDependencies,,PLATFORM,3,6,12064
EditorReverseLines,,PLATFORM,3,3,12064
Tree-selectChild,,PLATFORM,1,1,12064
DatabaseView.AddDataSourceHere,com.intellij.database,JB_BUNDLED,3,3,12064
ChangeTypeSignature,com.intellij.java,JB_BUNDLED,4,6,12064
RenameProject,,PLATFORM,4,4,12064
Scala.NewClass,org.intellij.scala,JB_NOT_BUNDLED,3,4,12064
OpenInBrowser,,PLATFORM,4,9,12064
SilentCodeCleanup,,PLATFORM,9,11,12064
ProblemsView.SortBySeverity,,PLATFORM,1,2,12064
Unscramble,com.intellij.java,JB_BUNDLED,106,314,12064
Actions.ActionsPlugin.GenerateToString,com.intellij.java,JB_BUNDLED,26,61,12064
CloseAllNotifications,,PLATFORM,9,9,12064
Android.RunAndroidSdkManager,org.jetbrains.android,JB_BUNDLED,5,12,12064
Git.Reset,Git4Idea,JB_BUNDLED,29,60,12064
Groovy.CheckResources.Make,org.intellij.groovy,JB_BUNDLED,1,1,12064
NewPythonFile,PythonCore,JB_BUNDLED,1,1,12064
EditorGutterToggleGlobalLineNumbers,,PLATFORM,56,157,12064
NewEditorConfigFile,org.editorconfig.editorconfigjetbrains,JB_BUNDLED,20,21,12064
Maven.AlwaysShowArtifactId,org.jetbrains.idea.maven,JB_BUNDLED,1,1,12064
ChangesView.Move,,PLATFORM,3,10,12064
DebugClass,,PLATFORM,4,4,12064
ClangdXRefAction,,PLATFORM,1,1,12064
ExternalSystem.AttachProject,com.intellij.java,JB_BUNDLED,3,6,12064
com.jetbrains.plugins.vagrant.actions.VagrantReloadAction,org.jetbrains.plugins.vagrant,JB_BUNDLED,1,2,12064
Maven.GroupProjects,org.jetbrains.idea.maven,JB_BUNDLED,2,9,12064
JupyterJSOutputConsole$OpenJupyterJsConsoleAction,Pythonid,JB_NOT_BUNDLED,2,2,12064
Back,,PLATFORM,41,138,12064
EditorIndentSelection,,PLATFORM,4,13,12064
com.intellij.lang.javascript.buildTools.base.JsbtTaskRunAction,JavaScript,JB_BUNDLED,10,59,12064
AssociateWithFileType,,PLATFORM,34,53,12064
ActivateVersionControlToolWindow,,PLATFORM,30,36,12064
GotoSymbol,,PLATFORM,6,6,12064
ConfigureEditorTabs,,PLATFORM,9,12,12064
Install,,PLATFORM,1,1,12064
com.intellij.execution.ExecutorRegistryImpl$ExecutorAction,,PLATFORM,12,16,12064
ReSharperGotoNextErrorInSolution,,PLATFORM,2,2,12064
XPathView.Actions.FindByExpression,XPathView,JB_BUNDLED,1,1,12064
ToggleBookmarkWithMnemonic,,PLATFORM,3,3,12064
Android.GenerateSignedApk,org.jetbrains.android,JB_BUNDLED,1,2,12064
Scala.NewScalaWorksheet,org.intellij.scala,JB_NOT_BUNDLED,1,2,12064
ActivateTerminalToolWindow,,PLATFORM,211,595,12064
Github.Share,org.jetbrains.plugins.github,JB_BUNDLED,68,129,12064
PhpCSAddToIgnored,com.jetbrains.php,JB_BUNDLED,3,5,12064
Register,,PLATFORM,34,39,12064
GenerateJavadoc,com.intellij.java,JB_BUNDLED,30,82,12064
RunConfigurationTemplatesForNewProjects,,PLATFORM,12,13,12064
MoveLineDown,,PLATFORM,8,9,12064
ExternalSystem.ShowCommonSettings,,PLATFORM,7,7,12064
EditorForwardParagraphWithSelection,,PLATFORM,1,1,12064
RunDashboard.Stop,,PLATFORM,1,1,12064
KotlinConfigureUpdates,org.jetbrains.kotlin,JB_UPDATED_BUNDLED,2,2,12064
EditorResetFontSize,,PLATFORM,94,188,12064
EditorToggleInsertState,,PLATFORM,22,36,12064
RiderOpenSolution,,PLATFORM,2,2,12064
plugin.InstallFromDiskAction,,PLATFORM,22,25,12064
ReactClassToFunctionalComponentAction,JavaScript,JB_BUNDLED,2,2,12064
RiderDebuggerApplyEncChagnes,,PLATFORM,1,5,12064
JupyterInsertMarkdownCellAboveAction,Pythonid,JB_BUNDLED,1,1,12064
Docker.RemoteServers.StopContainer,Docker,JB_BUNDLED,1,1,12064
ExecuteInPyConsoleAction,Pythonid,JB_NOT_BUNDLED,1,1,12064
Unsplit,,PLATFORM,44,145,12064
CollapseAllRegions,,PLATFORM,80,283,12064
Console.Jdbc.ExplainAnalyse,com.intellij.database,JB_BUNDLED,4,10,12064
WelcomeScreen.CreateWebProject,com.jetbrains.plugins.webDeployment,JB_BUNDLED,4,4,12064
Maven.UpdateFolders,org.jetbrains.idea.maven,JB_BUNDLED,2,9,12064
Go.NewGoFile,org.jetbrains.plugins.go,JB_BUNDLED,3,5,12064
DatabaseView.AddDataSourceFromUrl,com.intellij.database,JB_BUNDLED,6,13,12064
IncrementalSearch,,PLATFORM,4,5,12064
org.jetbrains.plugins.ruby.tasks.rake.RakeAction,org.jetbrains.plugins.ruby,JB_NOT_BUNDLED,2,2,12064
NewModule,com.intellij.java,JB_BUNDLED,3,3,12064
ProjectView.FlattenPackages,,PLATFORM,2,3,12064
ActivateFindToolWindow,,PLATFORM,1,1,12064
EditorStartNewLineBefore,,PLATFORM,2,3,12064
XDebugger.AttachToProcess,,PLATFORM,40,509,12064
ToggleNodeCoreCodingAssistanceAction,NodeJS,JB_NOT_BUNDLED,1,1,12064
PhpGenerateGettersAndSetters,com.jetbrains.php,JB_BUNDLED,18,47,12064
ShelvedChanges.ShowHideDeleted,,PLATFORM,11,22,12064
ViewInplaceComments,,PLATFORM,16,29,12064
KotlinCodeMigrationToggle,org.jetbrains.kotlin,JB_UPDATED_BUNDLED,1,1,12064
RiderShowIncomingCalls,,PLATFORM,2,4,12064
StepOver,,PLATFORM,3,27,12064
CompareTwoFiles,,PLATFORM,26,33,12064
EditorSplitLine,,PLATFORM,10,14,12064
ShowKotlinBytecode,org.jetbrains.kotlin,JB_BUNDLED,3,3,12064
context.save,com.intellij.tasks,JB_BUNDLED,7,7,12064
RiderUnitTestFocusExplorerAction,,PLATFORM,2,3,12064
EditorKillToWordEnd,,PLATFORM,2,2,12064
EditorCut,,PLATFORM,1,1,12064
EnablePackageJsonMismatchedDependenciesNotification,JavaScript,JB_BUNDLED,11,12,12064
TypeScript.Restart.Service,JavaScript,JB_BUNDLED,35,71,12064
CallHierarchy,,PLATFORM,45,157,12064
GotoImplementation,,PLATFORM,17,67,12064
org.jetbrains.plugins.ruby.jruby.warbler.actions.WarblerAction,org.jetbrains.plugins.ruby,JB_BUNDLED,1,1,12064
org.jetbrains.plugins.ruby.rails.console.RunRailsConsoleAction,org.jetbrains.plugins.ruby,JB_BUNDLED,7,12,12064
RecentChangedFiles,,PLATFORM,3,3,12064
Android.Device.Picker.Help,org.jetbrains.android,JB_BUNDLED,1,1,12064
ToggleLineBreakpoint,,PLATFORM,3,3,12064
DatabaseView.CopyDdlAction,com.intellij.database,JB_BUNDLED,1,9,12064
WelcomeScreen.NewGroup,,PLATFORM,1,1,12064
PySwitchSdkAction,com.jetbrains.pycharm.community.customization,JB_BUNDLED,25,31,12064
TerminalSplitActionBase$Horizontal,org.jetbrains.plugins.terminal,JB_BUNDLED,2,18,12064
ActivateDebugToolWindow,,PLATFORM,13,21,12064
ExportSettings,,PLATFORM,9,21,12064
NewPackageInfo,com.intellij.java,JB_BUNDLED,6,6,12064
Compare.Selected,,PLATFORM,24,59,12064
Rust.ConsoleREPL,org.rust.lang,JB_NOT_BUNDLED,2,4,12064
SpringChangeActiveProfiles,com.intellij.spring,JB_BUNDLED,3,5,12064
RunInspectionOn,,PLATFORM,1,1,12064
DatabaseView.Tools.TruncateTableAction,com.intellij.database,JB_BUNDLED,1,1,12064
ForceRunToCursor,,PLATFORM,1,1,12064
com.intellij.openapi.actionSystem.ex.InvokeQuickListAction,,PLATFORM,8,9,12064
CIDR.Lang.IntroduceParameter,,PLATFORM,1,1,12064
Vcs.CherryPick,,PLATFORM,2,19,12064
PyRunFileInConsole,PythonCore,JB_BUNDLED,2,2,12064
PhpGenerateSetters,com.jetbrains.php,JB_BUNDLED,6,6,12064
tasks.edit,com.intellij.tasks,JB_BUNDLED,1,1,12064
ServiceView.ShowServices,,PLATFORM,1,8,12064
CollapseSelection,,PLATFORM,3,3,12064
Grails.ChangeSDK,org.intellij.grails,JB_BUNDLED,1,1,12064
ChangesView.NewChangeList,,PLATFORM,2,2,12064
PlatformioUpdateAllAction,intellij.clion.embedded.platformio,JB_NOT_BUNDLED,1,1,12064
org.jetbrains.plugins.ruby.rails.actions.generators.actions.special.GenerateMigrationAction,org.jetbrains.plugins.ruby,JB_BUNDLED,2,2,12064
org.intellij.plugins.markdown.ui.actions.styling.MarkdownIntroduceLinkReferenceAction,org.intellij.plugins.markdown,JB_BUNDLED,1,1,12064
XDebugger.Inline,,PLATFORM,2,3,12064
EditorMoveDownAndScroll,,PLATFORM,1,1,12064
CreateSetupPy,Pythonid,JB_BUNDLED,5,5,12064
rspec.LetIntroduce,org.jetbrains.plugins.ruby,JB_BUNDLED,1,2,12064
EmacsStyleIndent,,PLATFORM,1,1,12064
Vcs.Show.Log,,PLATFORM,5,5,12064
CleanBuildFolder,,PLATFORM,1,2,12064
org.jetbrains.idea.maven.tasks.MavenKeymapExtension$MavenGoalAction,org.jetbrains.idea.maven,JB_BUNDLED,1,1,12064
RiderNuGetShowLogAction,,PLATFORM,1,2,12064
Console.Jdbc.ExplainPlan.Raw,com.intellij.database,JB_BUNDLED,1,1,12064
AutoIndentLines,,PLATFORM,45,72,12064
GenerateSetUpMethod,com.intellij.java,JB_BUNDLED,3,3,12064
RunMicroReplAction,intellij-micropython,JB_NOT_BUNDLED,1,2,12064
XDebugger.SwitchWatchesInVariables,,PLATFORM,10,51,12064
ProjectView.AutoscrollToSource,,PLATFORM,7,14,12064
com.jetbrains.php.composer.ComposerInitSupportAction,com.jetbrains.php,JB_BUNDLED,2,2,12064
WebOpenInAction,HtmlTools,JB_BUNDLED,2,2,12064
Load.V8.Heap.Snapshot,NodeJS,JB_BUNDLED,1,1,12064
VimFindActionIdAction,IdeaVIM,JB_NOT_BUNDLED,11,23,12064
RiderNuGetManagePackagesForCurrentProjectAction,,PLATFORM,6,8,12064
PublishGroup.SyncLocalVsRemoteWith,com.jetbrains.plugins.webDeployment,JB_BUNDLED,2,6,12064
GotoBookmark1,,PLATFORM,1,1,12064
Scala.ConfigureTypeHints,org.intellij.scala,JB_NOT_BUNDLED,1,1,12064
Console.Jdbc.ChooseSchema,com.intellij.database,JB_BUNDLED,1,2,12064
EmmetUpdateTag,,PLATFORM,1,2,12064
ConvertIndentsToSpaces,,PLATFORM,32,80,12064
CodeCleanup,,PLATFORM,54,112,12064
Android.ChooseProfileConfiguration,org.jetbrains.android,JB_BUNDLED,12,15,12064
IdeScriptingConsole,,PLATFORM,8,10,12064
ViewMembersInNavigationBar,,PLATFORM,17,81,12064
ShowPopupMenu,,PLATFORM,2,2,12064
Git.Reword.Commit,Git4Idea,JB_BUNDLED,2,4,12064
Gradle.AddGradleDslDependencyAction,org.jetbrains.plugins.gradle.maven,JB_BUNDLED,1,1,12064
MemoryView.TrackingAction.NewInstancesTracking,com.intellij.java,JB_BUNDLED,1,1,12064
PhpNewClass,com.jetbrains.php,JB_NOT_BUNDLED,1,1,12064
CIDR.Lang.IntroduceTypedef,,PLATFORM,1,1,12064
XdebugShowUserDefinedConstants,com.jetbrains.php,JB_NOT_BUNDLED,1,3,12064
ShowColorPicker,,PLATFORM,27,49,12064
ChangesView.Revert,,PLATFORM,71,176,12064
ExpandAllRegions,,PLATFORM,32,48,12064
GuiDesigner.AddGroup,com.intellij.uiDesigner,JB_BUNDLED,1,1,12064
OpenInSceneBuilder,org.jetbrains.plugins.javaFX,JB_BUNDLED,4,20,12064
ActivateErrorsInSolutionToolWindow,,PLATFORM,7,10,12064
Print,,PLATFORM,13,23,12064
ActivateUnitTestsToolWindow,,PLATFORM,5,9,12064
EditorScrollDown,,PLATFORM,1,1,12064
NextSplitter,,PLATFORM,6,9,12064
GotoPreviousBookmark,,PLATFORM,2,2,12064
KotlinCodeMigration,org.jetbrains.kotlin,JB_BUNDLED,1,1,12064
ShelvedChanges.CleanMarkedToDelete,,PLATFORM,1,1,12064
PreviousWindow,,PLATFORM,1,1,12064
Javaee.Deploy,com.intellij.javaee.app.servers.integration,JB_BUNDLED,1,2,12064
CopyTBXReference,,PLATFORM,2,3,12064
EditorScrollToCenter,,PLATFORM,1,1,12064
Debugger.FocusOnBreakpoint,,PLATFORM,1,1,12064
Git.Branches,Git4Idea,JB_BUNDLED,277,3389,12064
ActivateServicesToolWindow,,PLATFORM,32,44,12064
ActivateStructureToolWindow,,PLATFORM,39,43,12064
PopupHector,,PLATFORM,5,6,12064
EditorLineEnd,,PLATFORM,3,3,12064
Scala.RenameJavaToScala,org.intellij.scala,JB_NOT_BUNDLED,1,2,12064
AddGradleDslPluginAction,org.jetbrains.plugins.gradle,JB_BUNDLED,3,3,12064
EditorDeleteToWordStartInDifferentHumpsMode,,PLATFORM,1,1,12064
ShowFilePath,,PLATFORM,4,4,12064
DelegateMethods,,PLATFORM,6,6,12064
RunPythonToolwindowAction,PythonCore,JB_BUNDLED,3,3,12064
NewModuleInfo,com.intellij.java,JB_BUNDLED,4,5,12064
IntroduceTypeParameter,org.jetbrains.kotlin,JB_BUNDLED,1,1,12064
Vcs.UpdateProject,,PLATFORM,111,493,12064
ChooseDebugConfiguration,,PLATFORM,23,85,12064
EditSourceInNewWindow,,PLATFORM,9,10,12064
ChangesView.Refresh,,PLATFORM,13,22,12064
NewPackageJsonFile,JavaScript,JB_BUNDLED,35,36,12064
EditorDuplicateLines,,PLATFORM,11,17,12064
com.jetbrains.rider.debugger.actions.RiderAttachToRemoteProcessAction,,PLATFORM,1,4,12064
CreateLibraryFromFile,com.intellij.java,JB_BUNDLED,1,1,12064
Scala.ToggleMethodChainInlayHints,org.intellij.scala,JB_NOT_BUNDLED,1,1,12064
EmmetPreview,,PLATFORM,2,2,12064
ToggleCamelSnakeCase,org.jetbrains.plugins.ruby,JB_BUNDLED,2,7,12064
RiderEditEditorConfig,,PLATFORM,2,2,12064
ResourceBundleEditorShowIntentions,com.intellij.properties.bundle.editor,JB_BUNDLED,1,1,12064
ToggleBookmark6,,PLATFORM,1,1,12064
DumpMLCompletionFeatures,com.intellij.stats.completion,JB_BUNDLED,1,1,12064
com.jetbrains.plugins.vagrant.actions.VagrantHaltAction,org.jetbrains.plugins.vagrant,JB_BUNDLED,5,23,12064
ChangeSignature,,PLATFORM,34,100,12064
CloseEditor,,PLATFORM,13,24,12064
NewPublicEnvironmentFile,com.jetbrains.restClient,JB_BUNDLED,20,20,12064
CaptureMemorySnapShot,com.jetbrains.performancePlugin,JB_BUNDLED,7,7,12064
Images.ShowThumbnails,com.intellij.platform.images,JB_BUNDLED,1,1,12064
ReSharperGotoImplementation,,PLATFORM,4,10,12064
EditorSwapSelectionBoundaries,,PLATFORM,3,3,12064
Subversion.ImportToSVNRepository,Subversion,JB_BUNDLED,3,3,12064
CommentByBlockComment,,PLATFORM,108,332,12064
Vcs.ShowHistoryForBlock,,PLATFORM,42,114,12064
PsiViewer,,PLATFORM,2,3,12064
VimPluginToggle,IdeaVIM,JB_NOT_BUNDLED,22,45,12064
StoreDefaultLayout,,PLATFORM,1,1,12064
CloseAllToTheRight,,PLATFORM,7,10,12064
Grails.UpdateSettings,org.intellij.grails,JB_BUNDLED,1,2,12064
DatabaseView.AddDataSourceFromPath,com.intellij.database,JB_BUNDLED,6,6,12064
CopyContentRootPath,,PLATFORM,8,21,12064
JumpToColorsAndFonts,,PLATFORM,76,168,12064
EditorToggleColumnMode,,PLATFORM,67,203,12064
FlowJS.Restart.All.Servers,JavaScript,JB_BUNDLED,2,23,12064
Github.Create.Gist,org.jetbrains.plugins.github,JB_BUNDLED,8,8,12064
ViewOfflineInspection,,PLATFORM,3,3,12064
PublishGroup.DownloadFrom,com.jetbrains.plugins.webDeployment,JB_BUNDLED,1,3,12064
org.jetbrains.plugins.ruby.gem.bundler.actions.RunBundlerInstallAction,org.jetbrains.plugins.ruby,JB_BUNDLED,10,38,12064
Django.RunManageTaskAction,Pythonid,JB_BUNDLED,3,4,12064
AutoShowProcessWindow,,PLATFORM,6,7,12064
CIDR.Lang.Cpp.GenerateGetter,,PLATFORM,1,4,12064
Maven.DownloadAllSourcesAndDocs,org.jetbrains.idea.maven,JB_BUNDLED,3,3,12064
Docker.FilterStoppedContainers,Docker,JB_BUNDLED,1,1,12064
Javascript.Linters.StandardJS.Fix,JavaScript,JB_BUNDLED,1,1,12064
ChangePHPInterpreter,com.jetbrains.php,JB_UPDATED_BUNDLED,1,1,12064
BuildServer.LoginInfo,Jetbrains_TeamCity_Plugin,JB_NOT_BUNDLED,1,1,12064
PySyncPythonRequirements,PythonCore,JB_BUNDLED,1,2,12064
RunSetupPyTask,PythonCore,JB_BUNDLED,1,1,12064
ReSharperReanalyzeAllFiles,,PLATFORM,1,1,12064
GenerateBeforeClassMethod,com.intellij.java,JB_BUNDLED,1,1,12064
PhpGenerateGetters,com.jetbrains.php,JB_BUNDLED,9,18,12064
Android.SyncProject,org.jetbrains.android,JB_BUNDLED,11,16,12064
FindNext,,PLATFORM,7,14,12064
WelcomeScreen.CreateNewProject,com.intellij.java,JB_BUNDLED,31,43,12064
GoFmtFileAction,org.jetbrains.plugins.go,JB_NOT_BUNDLED,6,62,12064
ClassNameCompletion,,PLATFORM,6,6,12064
InstallEditorPluginAction,com.intellij.resharper.unity,JB_BUNDLED,1,1,12064
ProjectFromVersionControl,,PLATFORM,3,3,12064
EditorShowGutterIconTooltip,,PLATFORM,5,5,12064
Generify,com.intellij.java,JB_BUNDLED,1,1,12064
EditorForwardParagraph,,PLATFORM,2,2,12064
ViewNavigationBar,,PLATFORM,24,112,12064
CommentByLineComment,,PLATFORM,149,548,12064
Git.CreateNewBranch,Git4Idea,JB_BUNDLED,68,219,12064
ChangesView.ApplyPatchFromClipboard,,PLATFORM,28,51,12064
RunPythonToolwindowAction,Pythonid,JB_NOT_BUNDLED,14,22,12064
WebDeployment.ToggleAutoUpload,com.jetbrains.plugins.webDeployment,JB_BUNDLED,19,45,12064
PyProfile.NavigateToSource,Pythonid,JB_BUNDLED,1,1,12064
ConfigureKotlinJsInProject,org.jetbrains.kotlin,JB_UPDATED_BUNDLED,2,2,12064
EditorGutterToggleGlobalIndentLines,,PLATFORM,5,8,12064
ModuleSettings,com.intellij.java,JB_BUNDLED,4,8,12064
com.jetbrains.python.console.RunPythonOrDebugConsoleAction,Pythonid,JB_BUNDLED,1,3,12064
ComposerDumpAutoloadAction,com.jetbrains.php,JB_BUNDLED,1,1,12064
Help.KeymapReference,,PLATFORM,56,64,12064
JupyterConfigureShortcutsAction,Pythonid,JB_BUNDLED,5,14,12064
CloseAllReadonly,,PLATFORM,1,1,12064
Django.RunManageTaskAction,Pythonid,JB_NOT_BUNDLED,1,3,12064
Maven.UpdateFoldersForProject,org.jetbrains.idea.maven,JB_BUNDLED,1,4,12064
TodoViewGroupByFlattenPackage,,PLATFORM,1,4,12064
CreateResourceBundle,com.intellij.properties,JB_BUNDLED,6,6,12064
EditorBackSpace,,PLATFORM,2,2,12064
ReSyncRemoteProject,,PLATFORM,1,1,12064
com.jetbrains.plugins.vagrant.actions.VagrantInitInProjectAction,org.jetbrains.plugins.vagrant,JB_BUNDLED,1,1,12064
com.intellij.tools.ToolAction,,PLATFORM,120,1534,12064
InvalidateCaches,,PLATFORM,166,277,12064
RestartIde,,PLATFORM,166,277,12064
ShowTips,,PLATFORM,11,15,12064
RdOverloadsNavigationAction,,PLATFORM,2,2,12064
$Redo,,PLATFORM,5,5,12064
ComposerAddDependencyAction,com.jetbrains.php,JB_BUNDLED,1,1,12064
MarkSourceRoot,,PLATFORM,1,2,12064
KotlinGenerateEqualsAndHashCode,org.jetbrains.kotlin,JB_UPDATED_BUNDLED,1,1,12064
DatabaseView.ImportFromSql,com.intellij.database,JB_BUNDLED,3,24,12064
PyExecuteCellAction,Pythonid,JB_BUNDLED,1,1,12064
ChangesView.Shelve,,PLATFORM,46,73,12064
CopyElement,,PLATFORM,9,20,12064
ExpandRegion,,PLATFORM,9,16,12064
CompareDirs,,PLATFORM,39,83,12064
Git.Ignore.File,Git4Idea,JB_BUNDLED,7,8,12064
ScopeView.EditScopes,,PLATFORM,10,16,12064
CMake.OpenSettings,,PLATFORM,14,62,12064
Cargo.ToggleExternalLinterOnTheFlyAction,org.rust.lang,JB_NOT_BUNDLED,2,5,12064
IntegrateChangeSetAction,Subversion,JB_BUNDLED,1,1,12064
BuildCurrentProject,,PLATFORM,2,15,12064
Spring.Create.Context.File,com.intellij.spring,JB_BUNDLED,2,2,12064
com.intellij.openapi.actionSystem.impl.ChameleonAction,,PLATFORM,1,1,12064
PhpDetectPsroRoots,com.jetbrains.php,JB_BUNDLED,1,1,12064
CloudConfigDisableAction,com.intellij.CloudConfig,JB_BUNDLED,1,1,12064
EditorNextWord,,PLATFORM,1,1,12064
DecrementWindowHeight,,PLATFORM,1,1,12064
Swift.Generate.Init,,PLATFORM,1,3,12064
Console.TableResult.Transpose,com.intellij.database,JB_BUNDLED,6,22,12064
Git.CompareWithBranch,Git4Idea,JB_BUNDLED,110,529,12064
Console.Jdbc.Execute,com.intellij.database,JB_BUNDLED,1,1,12064
DatabaseView.Tools.PrepareIntrospectionDiagnostic,com.intellij.database,JB_BUNDLED,3,3,12064
ShowBackwardPackageDeps,,PLATFORM,3,3,12064
UiDebugger,,PLATFORM,3,4,12064
JupyterJSOutputConsole$OpenJupyterJsConsoleAction,Pythonid,JB_BUNDLED,1,2,12064
ExternalSystem.CreateRunConfiguration,,PLATFORM,1,2,12064
ShowProjectStructureSettings,com.intellij.java,JB_BUNDLED,60,145,12064
OptimizeImports,,PLATFORM,220,825,12064
EditorRight,,PLATFORM,4,7,12064
Git.Stash,Git4Idea,JB_UPDATED_BUNDLED,1,1,12064
ConfigureIcs,org.jetbrains.settingsRepository,JB_BUNDLED,22,27,12064
IntroduceParameter,,PLATFORM,11,29,12064
EditorCutLineBackward,,PLATFORM,1,1,12064
PhpNewTest,com.jetbrains.php,JB_BUNDLED,3,3,12064
GenerateModuleDescriptors,com.intellij.java,JB_BUNDLED,3,10,12064
RerunFailedTests,,PLATFORM,2,3,12064
RiderUnitTestProjectOrSolutionHelpAction,,PLATFORM,1,1,12064
Git.Pull,Git4Idea,JB_UPDATED_BUNDLED,1,1,12064
MethodUp,,PLATFORM,1,1,12064
ShowLayersDialog,,PLATFORM,1,2,12064
Maven.ExecuteGoal,org.jetbrains.idea.maven,JB_BUNDLED,51,186,12064
ActivateCommitToolWindow,,PLATFORM,30,91,12064
$SelectAll,,PLATFORM,7,8,12064
Cargo.RunCargoCommand,org.rust.lang,JB_NOT_BUNDLED,2,10,12064
sql.ChangeDialect,com.intellij.database,JB_BUNDLED,4,7,12064
ExecuteInPyConsoleAction,Pythonid,JB_BUNDLED,2,6,12064
IntroduceTypeAlias,org.jetbrains.kotlin,JB_UPDATED_BUNDLED,1,1,12064
EditorDeleteToWordStart,,PLATFORM,1,1,12064
NewPrivateEnvironmentFile,com.jetbrains.restClient,JB_BUNDLED,3,3,12064
CopyReference,,PLATFORM,32,72,12064
GotoTest,,PLATFORM,34,78,12064
CIDR.ShowCompilerInfo,,PLATFORM,1,2,12064
ImportModule,com.intellij.java,JB_BUNDLED,21,34,12064
PlaySavedMacrosAction,,PLATFORM,5,6,12064
EncapsulateFields,com.intellij.java,JB_BUNDLED,2,2,12064
BuildSolutionAction,,PLATFORM,6,56,12064
EditorScrollTop,,PLATFORM,3,3,12064
Maven.DownloadAllDocs,org.jetbrains.idea.maven,JB_BUNDLED,1,1,12064
WebServicesPlugin.MonitorSoapMessages,com.jetbrains.jax.ws,JB_BUNDLED,3,3,12064
LoadConfigurationAction,org.jetbrains.kotlin,JB_UPDATED_BUNDLED,2,2,12064
InstallNodeLocalDependencies,JavaScript,JB_BUNDLED,7,27,12064
ToggleMethodBreakpoint,com.intellij.java,JB_BUNDLED,1,1,12064
ChangesView.CreatePatchFromChanges,,PLATFORM,1,1,12064
CodeWithMeBackendReportIssue,com.jetbrains.codeWithMe,JB_NOT_BUNDLED,1,1,12064
HTTPClient.AddRequest,com.jetbrains.restClient,JB_BUNDLED,1,1,12064
EditorLeft,,PLATFORM,1,1,12064
SmartSelect,,PLATFORM,1,1,12064
CopyFileName,,PLATFORM,3,3,12064
ByteCodeViewer,ByteCodeViewer,JB_BUNDLED,24,74,12064
ConvertToUnixLineSeparators,,PLATFORM,14,15,12064
CheckForUpdate,,PLATFORM,14,15,12064
$SearchWeb,,PLATFORM,3,6,12064
PhpListenDebugAction,com.jetbrains.php,JB_NOT_BUNDLED,1,13,12064
CreateTaglibFileAction,com.intellij.jsp,JB_BUNDLED,2,2,12064
SeverityEditorDialog,,PLATFORM,2,2,12064
Android.BuildApk,org.jetbrains.android,JB_BUNDLED,1,5,12064
EditorSortLines,,PLATFORM,134,386,12064
Scratch.ChangeLanguage,,PLATFORM,12,21,12064
CMake.ClearCacheAndReload,,PLATFORM,6,20,12064
JumpToLastWindow,,PLATFORM,5,5,12064
MemoryView.SwitchUpdateMode,,PLATFORM,7,10,12064
ShowPackageDeps,,PLATFORM,6,8,12064
ExplicitArgumentMenu.ShowImplicitArgumentsPopup,org.intellij.scala,JB_NOT_BUNDLED,1,1,12064
NewProject,,PLATFORM,2,2,12064
XDebugger.NewWatch,,PLATFORM,2,2,12064
ImportProject,com.intellij.java,JB_BUNDLED,44,108,12064
ActivateProjectToolWindow,,PLATFORM,45,75,12064
ProjectView.ShowMembers,,PLATFORM,4,9,12064
SaveAll,,PLATFORM,21,195,12064
CopyPathWithLineNumber,,PLATFORM,4,8,12064
EditorMoveToPageTop,,PLATFORM,2,2,12064
DebugBuildProcess,com.intellij.java,JB_BUNDLED,2,4,12064
RiderUnitTestDebugContextAction,,PLATFORM,1,1,12064
MarkAsPlainTextAction,,PLATFORM,2,2,12064
KotlinGenerateSecondaryConstructor,org.jetbrains.kotlin,JB_UPDATED_BUNDLED,2,14,12064
RiderDetachDebuggerAction,,PLATFORM,1,3,12064
Maven.ShowVersions,org.jetbrains.idea.maven,JB_BUNDLED,6,13,12064
PublishGroup.SyncLocalVsRemote,com.jetbrains.plugins.webDeployment,JB_BUNDLED,6,29,12064
editRunConfigurations,,PLATFORM,117,250,12064
ActivateNuGetToolWindow,,PLATFORM,5,13,12064
SurroundWithLiveTemplate,,PLATFORM,16,19,12064
ConfigureKotlinInProject,org.jetbrains.kotlin,JB_UPDATED_BUNDLED,3,3,12064
ShowUnitySettingsInRider,com.intellij.resharper.unity,JB_BUNDLED,2,2,12064
DatabaseView.GoToScriptsDirectory,com.intellij.database,JB_BUNDLED,2,2,12064
QuickActionPopup,,PLATFORM,1,1,12064
AddNewFavoritesList,,PLATFORM,1,1,12064
Console.TableResult.CompareWith,com.intellij.database,JB_NOT_BUNDLED,1,2,12064
AttachProfilerToLocalProcess,,PLATFORM,3,7,12064
MembersPullUp,,PLATFORM,26,38,12064
WebDeployment.Configuration,com.jetbrains.plugins.webDeployment,JB_BUNDLED,23,37,12064
XDebugger.UnmuteOnStop,,PLATFORM,1,1,12064
SaveAs,,PLATFORM,2,7,12064
CSharpAutoNaming,,PLATFORM,2,2,12064
Debugger.AddToWatch,,PLATFORM,5,8,12064
refactoring.extract.dependency,org.jetbrains.idea.maven,JB_BUNDLED,1,2,12064
Rails.RunGenerator,org.jetbrains.plugins.ruby,JB_NOT_BUNDLED,1,2,12064
EditorScrollDownAndMove,,PLATFORM,4,4,12064
PublishGroup.Upload,com.jetbrains.plugins.webDeployment,JB_BUNDLED,13,145,12064
com.jetbrains.rider.interactive.csi.StartCSharpInteractive,,PLATFORM,5,5,12064
Gradle.ExecuteTask,com.intellij.gradle,JB_BUNDLED,40,129,12064
Subversion.Copy,Subversion,JB_BUNDLED,1,2,12064
GotoLine,,PLATFORM,14,17,12064
Dart.Restart.Analysis.Server,Dart,JB_NOT_BUNDLED,1,1,12064
PreviousOccurence,,PLATFORM,1,1,12064
IncludeInSolutionStructureAction,,PLATFORM,1,1,12064
Spy-js.ShowAppDependencyGraph,spy-js,JB_BUNDLED,3,3,12064
ShowSettingsWithAddedPattern,,PLATFORM,1,1,12064
SwitchCoverage,,PLATFORM,16,23,12064
EditorCodeBlockEnd,,PLATFORM,3,7,12064
FindUsages,,PLATFORM,22,25,12064
FindModal,,PLATFORM,23,45,12064
ChangesView.CreatePatchToClipboard,,PLATFORM,2,4,12064
IntroduceFunctionalVariable,,PLATFORM,1,2,12064
GotoClass,,PLATFORM,10,13,12064
Educational.Educator.GetHyperskillLesson,com.jetbrains.edu,JB_NOT_BUNDLED,1,5,12064
KotlinCodeMigrationToggle,org.jetbrains.kotlin,JB_BUNDLED,2,7,12064
PyProfile.NavigateToSource,Pythonid,JB_NOT_BUNDLED,1,1,12064
CPP.ImportCMakeProject,,PLATFORM,1,1,12064
WebDeployment.BrowseServers,com.jetbrains.plugins.webDeployment,JB_BUNDLED,64,99,12064
Console.TableResult.Reload,com.intellij.database,JB_BUNDLED,1,1,12064
ShowBookmarks,,PLATFORM,15,30,12064
Start.Use.Vcs,,PLATFORM,10,15,12064
CheckinFiles,,PLATFORM,8,87,12064
NextTab,,PLATFORM,2,2,12064
Maven.ReimportProject,org.jetbrains.idea.maven,JB_BUNDLED,6,35,12064
EditorSelectWord,,PLATFORM,7,22,12064
GoImportsFileAction,org.jetbrains.plugins.go,JB_BUNDLED,4,12,12064
CloseAllUnmodifiedEditors,,PLATFORM,4,4,12064
ExternalJavaDoc,,PLATFORM,1,1,12064
PySyncPythonRequirements,PythonCore,JB_NOT_BUNDLED,1,1,12064
org.jetbrains.plugins.ruby.gem.bundler.actions.RunBundlerInstallAction,org.jetbrains.plugins.ruby,JB_NOT_BUNDLED,1,1,12064
WelcomeScreen.Configure.Import,,PLATFORM,31,36,12064
ViewToolBar,,PLATFORM,14,71,12064
JShell.Console,com.intellij.java,JB_BUNDLED,25,44,12064
EditorToggleShowBreadcrumbs,,PLATFORM,14,58,12064
ExtractSuperclass,,PLATFORM,4,5,12064
JupyterConfigureShortcutsAction,Pythonid,JB_NOT_BUNDLED,5,6,12064
com.jetbrains.upsource.idea.analyzeStacktrace.AnalyzeStacktraceAction,com.jetbrains.upsource,JB_NOT_BUNDLED,1,2,12064
com.jetbrains.python.console.RunPythonOrDebugConsoleAction,Pythonid,JB_NOT_BUNDLED,2,2,12064
EntityFramework.UpdateDatabase,,PLATFORM,1,3,12064
EditorEscape,,PLATFORM,1,1,12064
ExportToHTML,,PLATFORM,6,6,12064
NewJavaScriptFile,JavaScript,JB_BUNDLED,4,7,12064
NewPythonPackage,PythonCore,JB_BUNDLED,7,16,12064
RiderCollapseToDefinitions,,PLATFORM,4,7,12064
ExpandRegionRecursively,,PLATFORM,1,4,12064
ContextHelp,,PLATFORM,2,2,12064
ShowGulpTasks,JavaScript,JB_BUNDLED,1,1,12064
ReformatWithPrettierAction,intellij.prettierJS,JB_NOT_BUNDLED,28,108,12064
RebuildCurrentProject,,PLATFORM,6,56,12064
CloseContent,,PLATFORM,28,49,12064
NextProjectWindow,,PLATFORM,3,4,12064
tasks.close,com.intellij.tasks,JB_BUNDLED,3,4,12064
GotoNextError,,PLATFORM,13,66,12064
ShowUmlDiagramPopup,com.intellij.diagram,JB_BUNDLED,1,1,12064
ActivateMessagesToolWindow,,PLATFORM,2,2,12064
CollapseTreeNode,,PLATFORM,3,3,12064
com.jetbrains.plugins.vagrant.actions.VagrantDestroyAction,org.jetbrains.plugins.vagrant,JB_BUNDLED,1,2,12064
com.jetbrains.rdclient.actions.base.BackendDelegatingAction,,PLATFORM,3,3,12064
CompareFileWithEditor,,PLATFORM,1,1,12064
AndroidMigrateToAndroidxAction,org.jetbrains.android,JB_BUNDLED,1,1,12064
PinActiveEditorTab,,PLATFORM,1,1,12064
EditorUnindentSelection,,PLATFORM,6,7,12064
TsLintFileFixAction,tslint,JB_BUNDLED,7,183,12064
Git.Add,,PLATFORM,19,46,12064
InvertBoolean,,PLATFORM,1,1,12064
JumpToLastChange,,PLATFORM,8,9,12064
chart-demo,,PLATFORM,5,10,12064
ShowParameterHintsSettings,,PLATFORM,12,15,12064
StopOnException,,PLATFORM,4,5,12064
Scala.RunConsole,org.intellij.scala,JB_NOT_BUNDLED,3,3,12064
Console.TableResult.Submit,com.intellij.database,JB_BUNDLED,1,3,12064
EditorUpWithSelection,,PLATFORM,1,1,12064
SurroundWith,,PLATFORM,81,141,12064
Git.Init,Git4Idea,JB_BUNDLED,41,54,12064
Unscramble,,PLATFORM,29,62,12064
NewJavaDiagram,com.intellij.diagram,JB_BUNDLED,4,6,12064
Jdbc.OpenConsole.Any,com.intellij.database,JB_BUNDLED,1,1,12064
CIDR.Lang.Cpp.GenerateSetter,,PLATFORM,1,2,12064
DecrementWindowWidth,,PLATFORM,1,2,12064
com.intellij.execution.services.ServiceViewManagerImpl$ActivateToolWindowByContributorAction,,PLATFORM,137,184,12064
Cargo.RustfmtCargoProject,org.rust.lang,JB_NOT_BUNDLED,4,48,12064
HelpTopics,,PLATFORM,2,2,12064
GotoDeclarationOnly,,PLATFORM,6,6,12064
NewModulesDiagram,com.intellij.diagram,JB_BUNDLED,3,5,12064
CompDB.ChangeCompDBProjectContentRoot,com.intellij.clion-compdb,JB_BUNDLED,1,1,12064
Keymap_Nationalizer,com.dekonoplyov.KeymapNationalizer,JB_NOT_BUNDLED,1,1,12064
RiderUnitTestRunSolutionAction,,PLATFORM,1,2,12064
Android.RunAndroidAvdManager,org.jetbrains.android,JB_BUNDLED,45,103,12064
org.jetbrains.plugins.ruby.tasks.rake.RakeAction,org.jetbrains.plugins.ruby,JB_BUNDLED,15,26,12064
SplitHorizontally,,PLATFORM,74,153,12064
ExtractInterface,,PLATFORM,25,55,12064
ReformatWithPrettierAction,intellij.prettierJS,JB_BUNDLED,34,120,12064
GotoCustomRegion,,PLATFORM,6,7,12064
Maven.ShowIgnored,org.jetbrains.idea.maven,JB_BUNDLED,1,1,12064
EditCustomProperties,,PLATFORM,5,5,12064
Vcs.RollbackChangedLines,,PLATFORM,4,5,12064
ExtractFunction,org.jetbrains.kotlin,JB_BUNDLED,1,1,12064
Github.Create.Pull.Request,org.jetbrains.plugins.github,JB_BUNDLED,87,344,12064
CollapseRegion,,PLATFORM,17,19,12064
ToggleBookmark1,,PLATFORM,4,4,12064
CopyUrl,,PLATFORM,1,3,12064
Git.Tag,Git4Idea,JB_BUNDLED,21,48,12064
WelcomeScreen.Configure.ProjectStructure,com.intellij.java,JB_BUNDLED,3,6,12064
ExternalSystem.ToggleAutoReload.Selective,,PLATFORM,3,3,12064
EditorToggleShowGutterIcons,,PLATFORM,7,21,12064
angularCliAdd,AngularJS,JB_BUNDLED,1,1,12064
EditorEnter,,PLATFORM,1,1,12064
ExternalSystem.ProjectRefreshAction,,PLATFORM,1,2,12064
Generate.GetSetAccessor.JavaScript,JavaScript,JB_BUNDLED,1,2,12064
ExecuteInPyConsoleAction,PythonCore,JB_BUNDLED,1,1,12064
org.jetbrains.plugins.ruby.gem.bundler.actions.RunBundlerCleanAction,org.jetbrains.plugins.ruby,JB_BUNDLED,1,1,12064
DatabaseView.Refresh,com.intellij.database,JB_BUNDLED,2,2,12064
MoveElementLeft,,PLATFORM,1,1,12064
GuidGenerator,,PLATFORM,26,61,12064
AttachProject,,PLATFORM,1,46,12064
HidpiInfo,,PLATFORM,6,9,12064
GenerateEquals,com.intellij.java,JB_BUNDLED,21,59,12064
Educational.SwitchTaskDescriptionPanel,com.jetbrains.edu,JB_NOT_BUNDLED,2,2,12064
EditorScrollBottom,,PLATFORM,2,2,12064
RemoveExplicitArguments,org.intellij.scala,JB_NOT_BUNDLED,1,2,12064
PySyncPythonRequirements,Pythonid,JB_NOT_BUNDLED,1,1,12064
EditorDuplicate,,PLATFORM,4,6,12064
Git.CreateNewTag,Git4Idea,JB_BUNDLED,1,1,12064
TabList,,PLATFORM,1,1,12064
Debugger.RemoveAllBreakpointsInFile,,PLATFORM,1,1,12064
NewClass,com.intellij.java,JB_BUNDLED,39,156,12064
PlaybackLastMacro,,PLATFORM,3,4,12064
MoveStatementUp,,PLATFORM,2,2,12064
Git.Merge.Abort,Git4Idea,JB_BUNDLED,6,20,12064
ZoomCurrentWindow,,PLATFORM,10,11,12064
Debugger.FreezeThread,com.intellij.java,JB_BUNDLED,1,1,12064
RiderShowIlViewerAction,,PLATFORM,2,2,12064
ToggleFullScreen,,PLATFORM,57,174,12064
EvaluateExpression,,PLATFORM,45,171,12064
IntroduceVariable,,PLATFORM,55,226,12064
GotoFile,,PLATFORM,5,5,12064
ExternalSystem.ToggleAutoReload.None,,PLATFORM,8,8,12064
PhpCSFixerAddToIgnored,com.jetbrains.php,JB_BUNDLED,2,7,12064
Console.TableResult.ChooseExtractor,com.intellij.database,JB_BUNDLED,4,4,12064
BuildServer.Settings,Jetbrains_TeamCity_Plugin,JB_NOT_BUNDLED,1,1,12064
EditorDeleteLine,,PLATFORM,11,11,12064
GotoAction,,PLATFORM,13,16,12064
GetJoinLinkAction,com.jetbrains.codeWithMe,JB_NOT_BUNDLED,2,4,12064
Performance.ClearCaches,org.intellij.scala,JB_NOT_BUNDLED,2,3,12064
Scala.ShowImplicits,org.intellij.scala,JB_NOT_BUNDLED,11,38,12064
EditorJoinLines,,PLATFORM,17,38,12064
NewElement,,PLATFORM,17,32,12064
CodeInspection.OnEditor,,PLATFORM,6,8,12064
EditorDelete,,PLATFORM,10,11,12064
RunDashboard.AddType,,PLATFORM,1,1,12064
PinActiveTab,,PLATFORM,3,7,12064
DatabaseView.AddDriverAndDataSource,com.intellij.database,JB_BUNDLED,3,4,12064
MaximizeToolWindow,,PLATFORM,1,1,12064
ConfigureKotlinInProject,org.jetbrains.kotlin,JB_BUNDLED,2,4,12064
ReportProblem,,PLATFORM,2,2,12064
StepOut,,PLATFORM,1,3,12064
About,,PLATFORM,69,81,12064
ExpressionTypeInfo,,PLATFORM,11,35,12064
com.intellij.lang.ant.config.actions.TargetAction,AntSupport,JB_BUNDLED,5,26,12064
EditorNextWordInDifferentHumpsModeWithSelection,,PLATFORM,5,5,12064
XdebugAnalyzeProfilerSnapshotAction,com.jetbrains.php,JB_NOT_BUNDLED,1,1,12064
ExpandToLevel5,,PLATFORM,1,1,12064
UML.SaveDiagram,com.intellij.diagram,JB_BUNDLED,1,2,12064
Debugger.SwitchToTheNextContext,com.intellij.java,JB_BUNDLED,1,1,12064
performancePlugin.ShowMemoryDialogAction,,PLATFORM,56,73,12064
RESTClient.ShowHistory,com.jetbrains.restClient,JB_BUNDLED,5,6,12064
GoFmtFileAction,org.jetbrains.plugins.go,JB_BUNDLED,13,78,12064
ChangeView,,PLATFORM,7,12,12064
ToggleBookmark9,,PLATFORM,1,1,12064
Android.RunAndroidAvdManager,com.jetbrains.rider.android,JB_NOT_BUNDLED,1,1,12064
Generate.Constructor.JavaScript,JavaScript,JB_BUNDLED,2,2,12064
EditorMoveUpAndScrollWithSelection,,PLATFORM,1,1,12064
ToggleNodeCoreCodingAssistanceAction,NodeJS,JB_BUNDLED,4,4,12064
RunInspection,,PLATFORM,25,63,12064
DSM.Analyze,com.intellij.dsm,JB_BUNDLED,5,5,12064
org.jetbrains.plugins.ruby.rails.console.RunRailsConsoleAction,org.jetbrains.plugins.ruby,JB_NOT_BUNDLED,2,2,12064
IncrementWindowHeight,,PLATFORM,1,1,12064
GoRemoveContentRootAction,org.jetbrains.plugins.go,JB_BUNDLED,1,1,12064
org.jetbrains.r.packages.remote.ui.RInstallAction,R4Intellij,JB_NOT_BUNDLED,2,2,12064
PublishGroup.Download,com.jetbrains.plugins.webDeployment,JB_BUNDLED,3,4,12064
org.jetbrains.plugins.ruby.console.RunIRBConsoleAction,org.jetbrains.plugins.ruby,JB_BUNDLED,1,1,12064
DecompileKotlinToJava,org.jetbrains.kotlin,JB_BUNDLED,1,2,12064
EditorToggleCase,,PLATFORM,67,180,12064
CreateEditorConfigFile,org.editorconfig.editorconfigjetbrains,JB_BUNDLED,18,19,12064
SaveAsTemplate,,PLATFORM,27,50,12064
KotlinConfigureUpdates,org.jetbrains.kotlin,JB_BUNDLED,5,5,12064
ExtractClass,,PLATFORM,7,10,12064
GotoTypeDeclaration,,PLATFORM,5,6,12064
NewPythonPackage,Pythonid,JB_NOT_BUNDLED,1,2,12064
WelcomeScreen.Configure.DesktopEntry,,PLATFORM,3,3,12064
Rider.Web.SetUpIisExpressCertificate,,PLATFORM,1,1,12064
LocateInSolutionView,,PLATFORM,3,6,12064
IncrementWindowWidth,,PLATFORM,1,1,12064
SaveDocument,,PLATFORM,3,5,12064
CompileProject,com.intellij.java,JB_BUNDLED,29,70,12064
Kotlin.NewWorksheet,org.jetbrains.kotlin,JB_UPDATED_BUNDLED,2,2,12064
ExpandDocComments,,PLATFORM,3,3,12064
Vcs.Log.Refresh,,PLATFORM,1,1,12064
Mvc.Upgrade,org.intellij.groovy,JB_BUNDLED,2,2,12064
MarkTestSourceRoot,,PLATFORM,1,1,12064
CloseProject,,PLATFORM,141,808,12064
ConfigureSoftWraps,,PLATFORM,25,32,12064
GenerateGetterAndSetter,com.intellij.java,JB_BUNDLED,54,180,12064
SelectAllOccurrences,,PLATFORM,22,41,12064
PyRunFileInConsole,Pythonid,JB_BUNDLED,2,16,12064
NewPythonFile,Pythonid,JB_BUNDLED,7,14,12064
RunJsbtTask,JavaScript,JB_BUNDLED,5,10,12064
org.jetbrains.plugins.ruby.rails.actions.generators.actions.special.GenerateModelAction,org.jetbrains.plugins.ruby,JB_BUNDLED,2,5,12064
ScrollPane-scrollHome,,PLATFORM,1,2,12064
Makefile.ChangeMakefileProjectContentRoot,com.intellij.clion-makefile,JB_BUNDLED,1,1,12064
ChangesView.RemoveChangeList,,PLATFORM,1,1,12064
RiderUnitTestRunContextAction,,PLATFORM,1,1,12064
ComposerStatusAction,com.jetbrains.php,JB_BUNDLED,1,1,12064
ChangeLaf,,PLATFORM,264,715,12064
SynchronizeCurrentFile,,PLATFORM,13,16,12064
SaveFileAsTemplate,,PLATFORM,6,6,12064
CloudConfigAction,com.intellij.CloudConfig,JB_BUNDLED,15,17,12064
ActivateFavoritesToolWindow,,PLATFORM,13,15,12064
MarkNotificationsAsRead,,PLATFORM,5,68,12064
ScrollPane-scrollEnd,,PLATFORM,3,3,12064
ComposerClearCacheAction,com.jetbrains.php,JB_BUNDLED,2,2,12064
Vcs.ShowTabbedFileHistory,,PLATFORM,222,548,12064
QuickChangeScheme,,PLATFORM,33,101,12064
PublishGroup.CompareLocalVsRemoteWith,com.jetbrains.plugins.webDeployment,JB_BUNDLED,5,21,12064
Gradle.ImportExternalProject,com.intellij.gradle,JB_BUNDLED,11,14,12064
Compare.SameVersion,,PLATFORM,22,57,12064
MakeModule,com.intellij.java,JB_BUNDLED,4,18,12064
MoveLineUp,,PLATFORM,12,13,12064
Maven.ShowEffectivePom,org.jetbrains.idea.maven,JB_BUNDLED,5,9,12064
AppCode.OpenInXcodeAction,,PLATFORM,1,3,12064
ImportTestsFromFile,,PLATFORM,7,8,12064
Spring.Beans.Generate.Testing.Dependency.Action,com.intellij.spring,JB_BUNDLED,3,4,12064
AndroidEnableInstantAppsSupport,org.jetbrains.android,JB_BUNDLED,1,1,12064
PyRunFileInConsole,Pythonid,JB_NOT_BUNDLED,1,1,12064
CopyReferencePopup,,PLATFORM,43,93,12064
ActivateHierarchyToolWindow,,PLATFORM,4,8,12064
ResetColumnsWidth,com.intellij.database,JB_BUNDLED,4,4,12064
com.jetbrains.rider.actions.RiderActionsHost$MenuItemActionStub,,PLATFORM,5,10,12064
WelcomeScreen.Configure.CollectZippedLogs,,PLATFORM,7,7,12064
DupLocate,,PLATFORM,10,18,12064
ToggleBookmark4,,PLATFORM,1,1,12064
DeleteTagAction,Refactor-X,JB_BUNDLED,1,1,12064
AddOpenapiRemoteSpecification,com.intellij.swagger,JB_BUNDLED,1,1,12064
NewStylesheetFile,com.intellij.css,JB_BUNDLED,4,4,12064
FindImplicitNothingAction,org.jetbrains.kotlin,JB_UPDATED_BUNDLED,1,1,12064
Maven.ShowSettings,org.jetbrains.idea.maven,JB_BUNDLED,129,223,12064
FileEditor.OpenDataEditor,com.intellij.database,JB_BUNDLED,3,14,12064
AddFrameworkSupport,com.intellij.java,JB_BUNDLED,4,5,12064
Debugger.PopFrame,com.intellij.java,JB_BUNDLED,2,4,12064
tasks.switch,com.intellij.tasks,JB_BUNDLED,5,8,12064
CMake.UnloadCMakeProject,,PLATFORM,4,5,12064
PlatformioReInitAction,intellij.clion.embedded.platformio,JB_NOT_BUNDLED,1,1,12064
com.intellij.execution.actions.RunContextAction,,PLATFORM,4,43,12064
NewTypeScriptFile,JavaScript,JB_BUNDLED,5,29,12064
MarkAsContentRoot,,PLATFORM,1,1,12064
Kotlin.RunScratch,org.jetbrains.kotlin,JB_UPDATED_BUNDLED,1,1,12064
EditorPaste,,PLATFORM,2,2,12064
PhpNewClass,com.jetbrains.php,JB_BUNDLED,3,3,12064
GoIdeNewProjectAction,org.jetbrains.plugins.go.ide,JB_BUNDLED,2,2,12064
ManageProjectTemplates,,PLATFORM,15,20,12064
ToggleDistractionFreeMode,,PLATFORM,40,91,12064
BuildArtifact,com.intellij.java,JB_BUNDLED,22,396,12064
ExtractMethod,,PLATFORM,81,209,12064
ShowFontsUsedByEditor,,PLATFORM,16,17,12064
EditorSelectLine,,PLATFORM,10,11,12064
JupyterDeleteCellAction,Pythonid,JB_NOT_BUNDLED,1,1,12064
AJ.NewAspect,com.intellij.aspectj,JB_BUNDLED,2,2,12064
CommittedChanges.Revert,,PLATFORM,1,1,12064
Images.ShowBorder,com.intellij.platform.images,JB_BUNDLED,3,8,12064
PrevSplitter,,PLATFORM,1,1,12064
EditorTextEndWithSelection,,PLATFORM,1,1,12064
Git.Unstash,Git4Idea,JB_BUNDLED,213,623,12064
CollectZippedLogs,,PLATFORM,9,9,12064
EditorBreadcrumbsShowAbove,,PLATFORM,2,41,12064
ToggleBookmark3,,PLATFORM,2,2,12064
Groovy.Console,org.intellij.groovy,JB_BUNDLED,22,31,12064
WelcomeScreen.Configure.Export,,PLATFORM,9,16,12064
QuickTypeDefinition,,PLATFORM,7,11,12064
RecentLocations,,PLATFORM,5,6,12064
Console.TableResult.CompareWith,com.intellij.database,JB_BUNDLED,5,7,12064
ES6.Generate.Index,JavaScript,JB_UPDATED_BUNDLED,1,1,12064
WebServicesPlugin.GenerateJavaFromWsdl,com.jetbrains.jax.ws,JB_BUNDLED,1,1,12064
CPP.NewCppFile,,PLATFORM,1,18,12064
CIDR.Lang.Cpp.GenerateDefinitions,,PLATFORM,1,2,12064
CIDR.ShowTestList,,PLATFORM,1,1,12064
LocalHistory.ShowHistory,,PLATFORM,47,117,12064
Groovy.CheckResources.Rebuild,org.intellij.groovy,JB_BUNDLED,3,20,12064
ReopenClosedTab,,PLATFORM,15,30,12064
GoFmtProjectAction,org.jetbrains.plugins.go,JB_BUNDLED,3,7,12064
SaveProjectAsTemplate,,PLATFORM,2,2,12064
CleanCurrentProject,,PLATFORM,4,9,12064
MinimizeCurrentWindow,,PLATFORM,1,1,12064
SmartTypeCompletion,,PLATFORM,2,3,12064
EditorIncreaseFontSize,,PLATFORM,192,926,12064
TerminalSplitActionBase$Vertical,org.jetbrains.plugins.terminal,JB_BUNDLED,7,15,12064
Debugger.RemoveAllBreakpoints,,PLATFORM,64,146,12064
Git.Configure.Remotes,Git4Idea,JB_BUNDLED,64,98,12064
InsertLiveTemplate,,PLATFORM,40,43,12064
Maven.AddFileAsMavenProject,org.jetbrains.idea.maven,JB_BUNDLED,19,22,12064
InspectThis,,PLATFORM,1,1,12064
StartUnityAction,com.intellij.resharper.unity,JB_BUNDLED,1,1,12064
FixDocComment,,PLATFORM,43,203,12064
NewDir,,PLATFORM,40,95,12064
$Copy,,PLATFORM,2,3,12064
ProjectView.ShowVisibilityIcons,,PLATFORM,1,2,12064
Git.ResolveConflicts,Git4Idea,JB_UPDATED_BUNDLED,1,1,12064
CreateSetupPy,PythonCore,JB_BUNDLED,2,2,12064
PhpValidateWebServer,com.jetbrains.php,JB_BUNDLED,2,2,12064
CIDR.Lang.IntroduceVariable,,PLATFORM,1,1,12064
CheckinProject,,PLATFORM,177,1083,12064
IncomingChanges.Refresh,,PLATFORM,34,38,12064
PublishGroup.UploadTo,com.jetbrains.plugins.webDeployment,JB_BUNDLED,5,61,12064
CodeCompletion,,PLATFORM,1,1,12064
Svn.Show.Working.Copies,Subversion,JB_BUNDLED,24,24,12064
IntroduceParameterObject,,PLATFORM,1,2,12064
Scala.CreateLightWorksheetAction,org.intellij.scala,JB_NOT_BUNDLED,2,3,12064
MakeExplicit,org.intellij.scala,JB_NOT_BUNDLED,1,1,12064
CIDR.Lang.Cpp.GenerateGetterAndSetter,,PLATFORM,1,1,12064
Valgrind.EditSettings,,PLATFORM,1,1,12064
QuickImplementations,,PLATFORM,18,21,12064
PySwitchSdkAction,com.jetbrains.pycharm.pro.customization,JB_BUNDLED,32,67,12064
Console.Jdbc.ChooseSession,com.intellij.database,JB_BUNDLED,3,6,12064
EditSource,,PLATFORM,4,4,12064
Android.RunLayoutInspector,org.jetbrains.android,JB_BUNDLED,6,9,12064
EditMacros,,PLATFORM,1,3,12064
VcsShowNextChangeMarker,,PLATFORM,6,7,12064
ConvertFormToDslAction,DevKit,JB_BUNDLED,2,2,12064
SelectIn,,PLATFORM,7,10,12064
LogDebugConfigure,,PLATFORM,6,6,12064
TextComponent.ClearAction,,PLATFORM,2,6,12064
ShowGutterIconsSettings,,PLATFORM,3,4,12064
LoadUnloadModules,,PLATFORM,8,21,12064
Git.Log,Git4Idea,JB_BUNDLED,30,37,12064
ShowNpmScripts,JavaScript,JB_BUNDLED,3,3,12064
EditorMoveToPageBottom,,PLATFORM,1,1,12064
WebServicesPlugin.CreateRestfulWebServiceClient,com.jetbrains.restWebServices,JB_BUNDLED,1,1,12064
DevKit.OpenThemeReferenceDocs,DevKit,JB_BUNDLED,7,7,12064
com.intellij.notification.EventLogToolWindowFactory$EditNotificationSettings,,PLATFORM,1,1,12064
EditorToggleUseSoftWraps,,PLATFORM,183,442,12064
NewDialog,com.intellij.uiDesigner,JB_BUNDLED,5,6,12064
EditCustomVmOptions,,PLATFORM,13,23,12064
PhpGeneratePhpDocBlocks,com.jetbrains.php,JB_BUNDLED,7,37,12064
NewAndroidImageAsset,org.jetbrains.android,JB_BUNDLED,1,1,12064
CMake.ReloadCMakeProject,,PLATFORM,13,49,12064
VcsShowPrevChangeMarker,,PLATFORM,4,4,12064
CompDB.RefreshCompDbProject,com.intellij.clion-compdb,JB_BUNDLED,2,3,12064
com.jetbrains.rider.nuget.management.RiderNuGetManagementPanel$restoreButton$1,,PLATFORM,1,1,12064
Maven.Reimport,org.jetbrains.idea.maven,JB_BUNDLED,106,290,12064
Git.Fixup.To.Commit,Git4Idea,JB_BUNDLED,3,15,12064
ViewStatusBar,,PLATFORM,21,99,12064
NewHtmlFile,,PLATFORM,8,10,12064
RunAnything,,PLATFORM,24,62,12064
ToggleBookmark,,PLATFORM,9,10,12064
Maven.DownloadAllSources,org.jetbrains.idea.maven,JB_BUNDLED,2,3,12064
CloseAllToTheLeft,,PLATFORM,3,4,12064
OpenExceptionSettings,,PLATFORM,19,47,12064
Hg.Init,hg4idea,JB_BUNDLED,4,5,12064
RiderNuGetRestoreAction,,PLATFORM,7,36,12064
DatabaseView.ForgetSchemaAction,com.intellij.database,JB_BUNDLED,3,5,12064
Docker.RemoteServers.DeleteContainer,Docker,JB_NOT_BUNDLED,1,1,12064
ShowLearnPanel,training,JB_BUNDLED,1,1,12064
MoveTabRight,,PLATFORM,106,322,12064
ChooseRunConfiguration,,PLATFORM,50,126,12064
EditBreakpoint,,PLATFORM,4,4,12064
Git.Rebase.Abort,Git4Idea,JB_BUNDLED,8,12,12064
PhpDebugBreakAtFirstLine,com.jetbrains.php,JB_NOT_BUNDLED,4,10,12064
AssemblyExplorerOpen,,PLATFORM,2,2,12064
Console.TableResult.Copy.Csv.Settings.ForExport,com.intellij.database,JB_BUNDLED,1,1,12064
Vcs.Log.AnnotateRevisionAction,,PLATFORM,1,1,12064
WebDeployment.BrowseServers,com.jetbrains.plugins.webDeployment,JB_UPDATED_BUNDLED,1,2,12064
OpenFile,,PLATFORM,191,633,12064
$Undo,,PLATFORM,6,17,12064
HideAllWindows,,PLATFORM,7,14,12064
NewPugFile,com.jetbrains.plugins.jade,JB_BUNDLED,1,9,12064
context.clear,com.intellij.tasks,JB_BUNDLED,8,18,12064
XdebugShowUserDefinedConstants,com.jetbrains.php,JB_BUNDLED,1,1,12064
PerforceEnableIntegration,PerforceDirectPlugin,JB_BUNDLED,1,1,12064
EditorCodeBlockEndWithSelection,,PLATFORM,1,1,12064
KotlinCodeMigration,org.jetbrains.kotlin,JB_UPDATED_BUNDLED,2,2,12064
ActivateRunToolWindow,,PLATFORM,16,22,12064
SplitVertically,,PLATFORM,329,760,12064
Inline,,PLATFORM,57,154,12064
ShowBlankDiffWindow,,PLATFORM,83,207,12064
ShowReformatFileDialog,,PLATFORM,95,197,12064
org.jetbrains.plugins.ruby.tasks.rake.task.special.TaskWithVersionAction,org.jetbrains.plugins.ruby,JB_BUNDLED,1,5,12064
Read.V8.Log.In.House,NodeJS,JB_BUNDLED,3,3,12064
NextOccurence,,PLATFORM,2,4,12064
GotoSuperMethod,,PLATFORM,2,3,12064
ConvertToMacLineSeparators,,PLATFORM,12,12,12064
org.intellij.plugins.markdown.ui.actions.styling.HeaderUpAction,org.intellij.plugins.markdown,JB_BUNDLED,3,8,12064
AddAntBuildFile,AntSupport,JB_BUNDLED,2,2,12064
EditorScrollLeft,,PLATFORM,1,1,12064
Git.ResolveConflicts,Git4Idea,JB_BUNDLED,278,817,12064
Images.SetBackgroundImage,com.intellij.platform.images,JB_BUNDLED,185,1017,12064
ShowUsages,,PLATFORM,10,74,12064
MoveElementRight,,PLATFORM,7,10,12064
Subversion.ShareWholeProject,Subversion,JB_BUNDLED,6,6,12064
WelcomeScreen.DevelopPlugins,com.intellij.java,JB_BUNDLED,17,19,12064
com.jetbrains.plugins.vagrant.actions.VagrantProvisionAction,org.jetbrains.plugins.vagrant,JB_BUNDLED,1,4,12064
QuickJavaDoc,,PLATFORM,33,74,12064
GenerateGetter,com.intellij.java,JB_BUNDLED,32,54,12064
ES6.Generate.Index,JavaScript,JB_BUNDLED,10,10,12064
Git.Revert.In.Log,Git4Idea,JB_BUNDLED,1,1,12064
ShowLog,,PLATFORM,14,17,12064
RestoreDefaultSettings,,PLATFORM,11,15,12064
EditorDeleteToWordEndInDifferentHumpsMode,,PLATFORM,4,4,12064
Dart.DartStyle,Dart,JB_NOT_BUNDLED,2,9,12064
Vcs.QuickListPopupAction,,PLATFORM,6,6,12064
Scala.MakeExplicit,org.intellij.scala,JB_NOT_BUNDLED,2,2,12064
CPP.CreateCMakeProject,,PLATFORM,1,2,12064
BuildProject,,PLATFORM,1,2,12064
Console.Oracle.DbmsOutput,com.intellij.database,JB_BUNDLED,1,3,12064
RiderBackendAction-EncapsulateField,,PLATFORM,1,2,12064
ExpandToLevel1,,PLATFORM,2,2,12064
Replace,,PLATFORM,97,174,12064
Vcs.VcsClone,,PLATFORM,15,25,12064
Exit,,PLATFORM,24,37,12064
MemoryView.ShowOnlyWithInstances,com.intellij.java,JB_BUNDLED,2,2,12064
NewElementSamePlace,,PLATFORM,9,10,12064
ScrollPane-unitScrollDown,,PLATFORM,2,2,12064
RunClass,,PLATFORM,8,65,12064
ViewToolButtons,,PLATFORM,23,122,12064
Debugger.AsyncStacks,com.intellij.java,JB_BUNDLED,1,2,12064
GoToTab8,,PLATFORM,1,1,12064
CloseAllEditors,,PLATFORM,157,602,12064
CaptureCPUUsageData,com.jetbrains.performancePlugin,JB_BUNDLED,4,15,12064
Github.Open.In.Browser,org.jetbrains.plugins.github,JB_BUNDLED,49,162,12064
StartStopMacroRecording,,PLATFORM,8,16,12064
Rebuild,,PLATFORM,3,8,12064
Cargo.RustfmtFile,org.rust.lang,JB_NOT_BUNDLED,7,14,12064
ScrollPane-scrollUp,,PLATFORM,1,1,12064
Kotlin.NewFile,org.jetbrains.kotlin,JB_BUNDLED,1,1,12064
AddToFavoritesPopup,,PLATFORM,4,7,12064
ExpandAllToLevel1,,PLATFORM,10,14,12064
$Paste,,PLATFORM,2,3,12064
ProjectView.SortByType,,PLATFORM,8,19,12064
UIDefaults,,PLATFORM,2,3,12064
RiderNuGetShowPackagesAction,,PLATFORM,1,1,12064
ToggleInlayHintsGloballyAction,,PLATFORM,6,9,12064
TodoViewGroupByShowModules,,PLATFORM,1,1,12064
tasks.create.changelist,com.intellij.tasks,JB_BUNDLED,2,2,12064
Generate.Missing.Members.TypeScript,JavaScript,JB_BUNDLED,1,1,12064
org.jetbrains.r.debugger.RImportCsvDataAction,R4Intellij,JB_NOT_BUNDLED,1,1,12064
SelectNextOccurrence,,PLATFORM,14,26,12064
StructuralSearchPlugin.StructuralSearchAction,,PLATFORM,9,15,12064
WelcomeScreen.Configure.RestoreDefault,,PLATFORM,17,21,12064
Vcs.RefreshStatuses,,PLATFORM,4,16,12064
PhpUnitNewTestFromClass,com.jetbrains.php,JB_BUNDLED,1,1,12064
Gradle.ShowDaemons,com.intellij.gradle,JB_BUNDLED,8,16,12064
OpenMouseWheelSmoothScrollSettings,,PLATFORM,2,2,12064
Docker.RemoteServers.DeleteContainer,Docker,JB_BUNDLED,2,2,12064
Debugger.CustomizeThreadsView,com.intellij.java,JB_BUNDLED,2,2,12064
ReactExtractComponentAction,JavaScript,JB_BUNDLED,2,2,12064
ConnectToRemoteFromHost,com.jetbrains.codeWithMe,JB_NOT_BUNDLED,1,1,12064
com.intellij.ide.actions.ApplyIntentionAction,,PLATFORM,377,570,12064
ProjectView.FoldersAlwaysOnTop,,PLATFORM,11,26,12064
Subversion.BrowseSVNRepository,Subversion,JB_BUNDLED,6,6,12064
ShowSettings,,PLATFORM,62,97,12064
Refactorings.QuickListPopupAction,,PLATFORM,90,184,12064
TemplateProjectProperties,,PLATFORM,25,51,12064
ActivateInspectionResultsToolWindow,,PLATFORM,1,16,12064
KotlinConsoleREPL,org.jetbrains.kotlin,JB_UPDATED_BUNDLED,14,24,12064
Vcs.Show.Shelf,,PLATFORM,15,21,12064
EditorNextWordInDifferentHumpsMode,,PLATFORM,1,1,12064
Git.Rebase.Continue,Git4Idea,JB_BUNDLED,7,15,12064
Javaee.RefreshDeploymentStatus,com.intellij.javaee.app.servers.integration,JB_BUNDLED,1,1,12064
ChangeFileEncodingAction,,PLATFORM,21,32,12064
OpenEditorInOppositeTabGroup,,PLATFORM,6,7,12064
GemRequirements.ShowSettings,com.jetbrains.rubymine.customization,JB_BUNDLED,6,7,12064
NewDirectoryProject,com.jetbrains.pycharm.community.customization,JB_BUNDLED,2,2,12064
ManageRecentProjects,,PLATFORM,57,406,12064
Vcs.MoveChangedLinesToChangelist,,PLATFORM,1,1,12064
$Delete,,PLATFORM,8,14,12064
RevealIn,,PLATFORM,33,109,12064
GenerateCopyright,com.intellij.copyright,JB_BUNDLED,10,35,12064
ChangeCodeStyleScheme,,PLATFORM,62,94,12064
ToggleInlineHintsAction,,PLATFORM,10,23,12064
Meteor.action.packages,com.jetbrains.plugins.meteor,JB_BUNDLED,2,2,12064
com.jetbrains.php.framework.FrameworkRunConsoleAction,com.jetbrains.php.framework,JB_BUNDLED,1,1,12064
angularCliGenerate,AngularJS,JB_BUNDLED,4,43,12064
FloatMode,,PLATFORM,1,13,12064
Scala.TypeInfo,org.intellij.scala,JB_NOT_BUNDLED,5,13,12064
EditorTextStart,,PLATFORM,1,1,12064
DecompileAndShowIlViewerAction,,PLATFORM,1,1,12064
PyConvertPackageToModuleAction,Pythonid,JB_BUNDLED,1,1,12064
ReplaceConstructorWithBuilder,com.intellij.java,JB_BUNDLED,4,5,12064
SendFeedback,,PLATFORM,3,3,12064
NewPythonPackage,Pythonid,JB_BUNDLED,2,3,12064
EditorBackwardParagraph,,PLATFORM,3,4,12064
DatabaseView.AssignColor,com.intellij.database,JB_BUNDLED,1,3,12064
ReformatCode,,PLATFORM,525,2395,12064
Git.Rebase,Git4Idea,JB_BUNDLED,140,477,12064
Rails.RunGenerator,org.jetbrains.plugins.ruby,JB_BUNDLED,4,13,12064
NewFile,,PLATFORM,29,55,12064
StructuralSearchPlugin.StructuralReplaceAction,,PLATFORM,8,60,12064
PublishGroup.CompareLocalVsRemote,com.jetbrains.plugins.webDeployment,JB_BUNDLED,4,120,12064
ExpandAllToLevel2,,PLATFORM,6,7,12064
GoShareInPlaygroundAction,org.jetbrains.plugins.go,JB_NOT_BUNDLED,1,1,12064
IntroduceTypeParameter,org.jetbrains.kotlin,JB_UPDATED_BUNDLED,1,2,12064
Educational.ImportCourseraAssignment,com.jetbrains.edu,JB_NOT_BUNDLED,1,1,12064
Database.Settings,com.intellij.database,JB_BUNDLED,2,2,12064
RebuildStartupProject,,PLATFORM,1,1,12064
EditorDecreaseFontSize,,PLATFORM,71,248,12064
MoveEditorToOppositeTabGroup,,PLATFORM,28,66,12064
Move,,PLATFORM,64,137,12064
StepInto,,PLATFORM,1,12,12064
ShowNavBar,,PLATFORM,7,8,12064
performancePlugin.ProfileIndexingAction,com.jetbrains.performancePlugin,JB_BUNDLED,6,7,12064
ToggleCompletionHintsAction,,PLATFORM,3,7,12064
Console.Jdbc.BrowseHistory,com.intellij.database,JB_BUNDLED,2,5,12064
RestoreDefaultLayout,,PLATFORM,3,11,12064
EditorKillRingSave,,PLATFORM,5,5,12064
UpdateCopyright,com.intellij.copyright,JB_BUNDLED,5,10,12064
CreateLauncherScript,,PLATFORM,5,6,12064
RiderShowValueOrigin,,PLATFORM,1,1,12064
ColorBlindnessTest,,PLATFORM,1,1,12064
ToggleReadOnlyAttribute,,PLATFORM,1,1,12064
ViewBreakpoints,,PLATFORM,60,84,12064
Tree-scrollDownExtendSelection,,PLATFORM,1,1,12064
org.jetbrains.plugins.groovy.actions.generate.constructors.GroovyGenerateConstructorAction,org.intellij.groovy,JB_BUNDLED,2,2,12064
DatabaseView.ImportDataSources,com.intellij.database,JB_BUNDLED,8,9,12064
Clean,,PLATFORM,7,9,12064
RiderShowResxEditorAction,,PLATFORM,3,5,12064
Forward,,PLATFORM,1,2,12064
MemoryView.ShowOnlyWithDiff,,PLATFORM,2,3,12064
ChangeTemplateDataLanguage,,PLATFORM,1,1,12064
XdebugAnalyzeProfilerSnapshotAction,com.jetbrains.php,JB_BUNDLED,6,6,12064
org.jetbrains.plugins.ruby.gem.bundler.actions.RunBundlerLockAction,org.jetbrains.plugins.ruby,JB_BUNDLED,1,1,12064
Console.Jdbc.ExplainPlan,com.intellij.database,JB_BUNDLED,5,10,12064
RiderNuGetShowCachesAction,,PLATFORM,1,1,12064
Javascript.Linters.EsLint.Fix,JavaScript,JB_BUNDLED,74,1946,12064
TypeHierarchy,,PLATFORM,25,41,12064
ProblemsView.SortByName,,PLATFORM,6,17,12064
Generate,,PLATFORM,70,122,12064
EditorToggleShowWhitespaces,,PLATFORM,28,52,12064
RescanPythonModulesAndPackages,Pythonid,JB_BUNDLED,13,24,12064
NewTypeScriptConfigFile,JavaScript,JB_BUNDLED,5,6,12064
ProjectView.AutoscrollFromSource,,PLATFORM,20,57,12064
Debugger.MuteRenderers,com.intellij.java,JB_BUNDLED,1,2,12064
CPP.NewCMakeListsFile,,PLATFORM,2,4,12064
CloudConfigPluginsAction,com.intellij.CloudConfig,JB_BUNDLED,2,2,12064
FindWordAtCaret,,PLATFORM,3,4,12064
PhpExtractClassAction,com.jetbrains.php,JB_BUNDLED,3,3,12064
Kotlin.NewScript,org.jetbrains.kotlin,JB_UPDATED_BUNDLED,1,1,12064
ByteCodeDecompiler,org.jetbrains.java.decompiler,JB_BUNDLED,2,2,12064
com.intellij.ide.actions.ActivateToolWindowAction,,PLATFORM,535,910,12064
EditorIndentLineOrSelection,,PLATFORM,24,66,12064
Terminal.OpenInTerminal,org.jetbrains.plugins.terminal,JB_BUNDLED,25,30,12064
DevKit.ApplyTheme,DevKit,JB_BUNDLED,9,12,12064
WebDeployment.Options,com.jetbrains.plugins.webDeployment,JB_BUNDLED,5,5,12064
DockPinnedMode,,PLATFORM,1,1,12064
NewComposerJsonFile,com.jetbrains.php,JB_NOT_BUNDLED,1,1,12064
PrettierImportCodeStyleAction,intellij.prettierJS,JB_NOT_BUNDLED,2,2,12064
KotlinConsoleREPL,org.jetbrains.kotlin,JB_BUNDLED,1,1,12064
Compile,com.intellij.java,JB_BUNDLED,1,1,12064
ExternalSystem.RefreshAllProjects,,PLATFORM,33,90,12064
Rerun,,PLATFORM,4,11,12064
MethodDown,,PLATFORM,4,4,12064
GuiDesigner.ReloadCustomComponents,com.intellij.uiDesigner,JB_BUNDLED,2,5,12064
GenerateTearDownMethod,com.intellij.java,JB_BUNDLED,1,1,12064
AndroidAddRTLSupport,org.jetbrains.android,JB_BUNDLED,2,2,12064
DatabaseView.CreateDataSourceFromSettings,com.intellij.database,JB_BUNDLED,1,1,12064
ComposerLicensesAction,com.jetbrains.php,JB_NOT_BUNDLED,1,1,12064
EditorUnSelectWord,,PLATFORM,1,2,12064
Scala.GenerateToString,org.intellij.scala,JB_NOT_BUNDLED,1,1,12064
Console.Jdbc.Execute.2,com.intellij.database,JB_BUNDLED,1,1,12064
ValidateXml,,PLATFORM,1,2,12064
NewScratchFile,,PLATFORM,430,835,12064
UnsplitAll,,PLATFORM,26,38,12064
Compare.LastVersion,,PLATFORM,13,29,12064
FindInPath,,PLATFORM,62,520,12064
RenameFile,,PLATFORM,51,109,12064
GenerateConstructor,com.intellij.java,JB_BUNDLED,42,95,12064
MoveTabDown,,PLATFORM,33,46,12064
WelcomeScreen.Configure.Properties,,PLATFORM,12,14,12064
StreamTracerAction,org.jetbrains.debugger.streams,JB_BUNDLED,1,4,12064
EditorAddCaretPerSelectedLine,,PLATFORM,10,13,12064
EditorCloneCaretAbove,,PLATFORM,6,6,12064
JupyterConvertToMarkdownCellAction,Pythonid,JB_BUNDLED,1,1,12064
EditorKillRegion,,PLATFORM,2,2,12064
NewPythonFile,Pythonid,JB_NOT_BUNDLED,2,2,12064
NewForm,com.intellij.uiDesigner,JB_BUNDLED,2,2,12064
ExpandAllToLevel5,,PLATFORM,1,1,12064
CleanOnlyCurrentProject,,PLATFORM,1,1,12064
KotlinGenerateTestMethod,org.jetbrains.kotlin,JB_UPDATED_BUNDLED,1,1,12064
ChangesView.ApplyPatch,,PLATFORM,110,168,12064
ChangesView.CreatePatch,,PLATFORM,19,24,12064
Git.Interactive.Rebase,Git4Idea,JB_BUNDLED,8,24,12064
Maven.OpenSettingsXml,org.jetbrains.idea.maven,JB_BUNDLED,21,27,12064
DatabaseView.PropertiesAction,com.intellij.database,JB_BUNDLED,28,45,12064
CleanSolutionAction,,PLATFORM,10,33,12064
Jdbc.OpenConsole.New.Generate,com.intellij.database,JB_BUNDLED,10,12,12064
ConvertJavaToKotlin,org.jetbrains.kotlin,JB_UPDATED_BUNDLED,23,51,12064
JavaScriptDebugger.OpenUrl,JavaScriptDebugger,JB_BUNDLED,3,3,12064
Generate.GetAccessor.JavaScript,JavaScript,JB_BUNDLED,2,3,12064
ParameterInfo,,PLATFORM,12,15,12064
CompileFile,com.intellij.java,JB_BUNDLED,4,8,12064
com.jetbrains.python.console.RunPythonOrDebugConsoleAction,PythonCore,JB_BUNDLED,3,3,12064
MemoryView.EnableTrackingWithClosedWindow,com.intellij.java,JB_BUNDLED,3,7,12064
ShelvedChanges.ImportPatches,,PLATFORM,1,1,12064
RunPythonToolwindowAction,PythonCore,JB_NOT_BUNDLED,1,1,12064
CloseAllEditorsButActive,,PLATFORM,74,212,12064
EditorToggleShowLineNumbers,,PLATFORM,10,18,12064
Maven.ToggleSkipTests,org.jetbrains.idea.maven,JB_BUNDLED,2,4,12064
ConvertIndentsToTabs,,PLATFORM,29,82,12064
WebServicesPlugin.CreateRESTClient,com.jetbrains.restClient,JB_BUNDLED,25,31,12064
ImplementMethods,,PLATFORM,45,103,12064
com.jetbrains.plugins.remotesdk.console.RunSshConsoleAction,org.jetbrains.plugins.remote-run,JB_UPDATED_BUNDLED,1,1,12064
NewComposerJsonFile,com.jetbrains.php,JB_BUNDLED,8,8,12064
Switcher,,PLATFORM,9,11,12064
ProblemsView.QuickFixes,,PLATFORM,1,1,12064
ToggleBookmark0,,PLATFORM,5,5,12064
TemplateProjectStructure,com.intellij.java,JB_BUNDLED,3,3,12064
CreateDesktopEntry,,PLATFORM,1,1,12064
VueExtractComponentAction,org.jetbrains.plugins.vue,JB_BUNDLED,1,1,12064
Rust.ReexpandMacrosAction,org.rust.lang,JB_NOT_BUNDLED,1,1,12064
ChangesView.ShowCommitOptions,,PLATFORM,2,3,12064
AnalyzePluginStartupPerformance,,PLATFORM,27,28,12064
RebuildSolutionAction,,PLATFORM,7,47,12064
ReplaceMethodWithMethodObject,com.intellij.java,JB_BUNDLED,7,7,12064
JupyterStartServerAction,Pythonid,JB_BUNDLED,6,22,12064
DevKit.EditThemeEditorColorScheme,DevKit,JB_BUNDLED,15,24,12064
PrettierImportCodeStyleAction,intellij.prettierJS,JB_BUNDLED,5,7,12064
UnmarkRoot,,PLATFORM,1,2,12064
ToggleHexOutput,,PLATFORM,1,3,12064
ActivateNavBar,,PLATFORM,2,2,12064
AnonymousToInner,com.intellij.java,JB_BUNDLED,2,2,12064
WelcomeScreen.Plugins,,PLATFORM,1476,2327,12064
ToggleRenderedDocPresentationForAll,,PLATFORM,12,26,12064
SelectInProjectView,,PLATFORM,30,205,12064
Synchronize,,PLATFORM,27,85,12064
LocalHistory.ShowSelectionHistory,,PLATFORM,4,5,12064
context.load,com.intellij.tasks,JB_BUNDLED,13,28,12064
Github.Rebase,org.jetbrains.plugins.github,JB_BUNDLED,1,1,12064
FileWatcher.runForFiles,com.intellij.plugins.watcher,JB_BUNDLED,12,32,12064
HideActiveWindow,,PLATFORM,4,4,12064
Tree-scrollDownChangeSelection,,PLATFORM,1,1,12064
EditorPreviousWordInDifferentHumpsModeWithSelection,,PLATFORM,1,1,12064
Cargo.RunExternalLinter,org.rust.lang,JB_NOT_BUNDLED,1,2,12064
ToggleBreakpointEnabled,,PLATFORM,1,2,12064
Annotate,,PLATFORM,439,3199,12064
Vcs.Push,,PLATFORM,319,2053,12064
EditorCopy,,PLATFORM,3,6,12064
Rider.Web.SetUpAspNetCoreCertificate,,PLATFORM,12,16,12064
PySciView,Pythonid,JB_BUNDLED,12,52,12064
CloudConfigSilentlyAction,com.intellij.CloudConfig,JB_BUNDLED,2,3,12064
ProblemsView.AutoscrollToSource,,PLATFORM,2,4,12064
Debugger.RestoreBreakpoint,,PLATFORM,1,1,12064
Git.Fetch,Git4Idea,JB_BUNDLED,565,2434,12064
NewScratchBuffer,,PLATFORM,159,320,12064
Resume,,PLATFORM,2,2,12064
EditorSetLtrBidiTextDirection,,PLATFORM,1,41,12064
Run,,PLATFORM,39,196,12064
ProductivityGuide,,PLATFORM,6,6,12064
Migrate,com.intellij.java,JB_BUNDLED,3,5,12064
ComposerSelfUpdateAction,com.jetbrains.php,JB_BUNDLED,1,1,12064
EditorUp,,PLATFORM,1,1,12064
Subversion.CleanupProject,Subversion,JB_BUNDLED,1,2,12064
WelcomeScreen.Settings,,PLATFORM,438,948,12064
Maven.AddManagedFiles,org.jetbrains.idea.maven,JB_BUNDLED,134,257,12064
MemberPushDown,,PLATFORM,8,9,12064
RunSetupPyTask,Pythonid,JB_BUNDLED,2,6,12064
ExternalSystem.ToggleAutoReload.All,,PLATFORM,7,7,12064
ChangesView.ViewOptions.ShowRelatedFiles,com.jetbrains.changeReminder,JB_BUNDLED,3,7,12064
com.intellij.ide.hierarchy.CallHierarchyBrowserBase$ChangeViewTypeActionBase,,PLATFORM,1,6,12064
RestoreDefaultLayout,org.jetbrains.android,JB_BUNDLED,2,2,12064
PySyncPythonRequirements,Pythonid,JB_BUNDLED,5,5,12064
PyProfiler.OpenPStat,Pythonid,JB_BUNDLED,1,1,12064
TodoViewGroupByShowPackages,,PLATFORM,1,4,12064
GotoPreviousError,,PLATFORM,1,1,12064
sql.ExtractNamedQueryAction,com.intellij.database,JB_BUNDLED,1,1,12064
Educational.Educator.NewCourse,com.jetbrains.edu,JB_NOT_BUNDLED,1,1,12064
