CallHierarchy,,PLATFORM,21,52,8443
GoFmtProjectAction,org.jetbrains.plugins.go,JB_NOT_BUNDLED,2,2,8443
CommentByLineComment,Pythonid,JB_BUNDLED,17,43,8443
NewJavaScriptFile,JavaScript,JB_BUNDLED,5,11,8443
RunPythonToolwindowAction,Pythonid,JB_NOT_BUNDLED,6,8,8443
NewDirectoryProject,com.jetbrains.pycharm.community.customization,JB_BUNDLED,2,3,8443
DockToolWindow,,PLATFORM,1,2,8443
Markdown.Table.InsertTableColumn.InsertAfter,org.intellij.plugins.markdown,JB_BUNDLED,1,2,8443
OverrideFileTypeAction,,PLATFORM,6,6,8443
ExecuteInPyConsoleAction,PythonCore,JB_BUNDLED,2,3,8443
SendFeedback,,PLATFORM,1,1,8443
RunSetupPyTask,Pythonid,JB_BUNDLED,1,1,8443
ShutdownCodeWithMe,com.jetbrains.codeWithMe,JB_BUNDLED,1,1,8443
IntroduceFunctionalParameter,,PLATFORM,1,1,8443
ExtractMethod,,PLATFORM,59,144,8443
AutoIndentLines,,PLATFORM,57,1243,8443
ClangTidy.ShowInfoAction,com.intellij.cidr.lang.clangdBridge,JB_BUNDLED,1,1,8443
TabList,,PLATFORM,3,3,8443
EditorNextWordWithSelection,,PLATFORM,3,3,8443
MemberPushDown,,PLATFORM,3,8,8443
CIDR.ShowCustomCompilerInfo,com.intellij.cidr.compiler.custom,JB_BUNDLED,2,3,8443
com.jetbrains.plugins.vagrant.actions.VagrantInitInProjectAction,org.jetbrains.plugins.vagrant,JB_BUNDLED,1,1,8443
RiderUnitTestRunTreeSplitAction,,PLATFORM,1,1,8443
ActivateFindToolWindow,,PLATFORM,4,5,8443
ToggleInlayHintsGloballyAction,,PLATFORM,2,3,8443
EditorPreviousWordWithSelection,,PLATFORM,1,1,8443
RiderNuGetRestoreForceAction,,PLATFORM,11,20,8443
ChangeColorScheme,,PLATFORM,21,144,8443
EditorUp,,PLATFORM,42,4411,8443
DupLocate,,PLATFORM,7,9,8443
CodeWithMeBackendReportIssue,com.jetbrains.codeWithMe,JB_BUNDLED,3,3,8443
org.jetbrains.plugins.ruby.rails.actions.generators.GeneratorsPopupAction,org.jetbrains.plugins.ruby,JB_BUNDLED,1,1,8443
EmojiAndSymbols,,PLATFORM,1,1,8443
ExpandToLevel1,,PLATFORM,2,2,8443
RESTClient.ShowHistory,com.jetbrains.restClient,JB_BUNDLED,2,2,8443
PreviousProjectWindow,,PLATFORM,1,1,8443
GotoNextElementUnderCaretUsage,,PLATFORM,1,5,8443
MarkGeneratedSourceRoot,com.intellij.java,JB_BUNDLED,1,1,8443
EvaluateExpression,,PLATFORM,28,120,8443
ActivateRunToolWindow,,PLATFORM,24,29,8443
Images.EditExternalEditorPath,com.intellij.platform.images,JB_BUNDLED,1,1,8443
MoveTabDown,,PLATFORM,12,24,8443
QuickImplementations,,PLATFORM,10,21,8443
RiderNuGetGenerateBindingRedirectsAction,,PLATFORM,1,1,8443
Jdbc.OpenConsole.New.Generate,com.intellij.database,JB_BUNDLED,5,7,8443
AzureToolkit.Azurite.StartAzurite,com.intellij.resharper.azure,JB_NOT_BUNDLED,1,7,8443
ConvertGroovyToJava,org.intellij.groovy,JB_BUNDLED,1,3,8443
ShowTips,,PLATFORM,5,5,8443
BookmarksView.RewriteBookmarkType,,PLATFORM,1,2,8443
PlaySavedMacrosAction,,PLATFORM,1,1,8443
CommentByLineComment,com.jetbrains.pycharm.ds.customization,JB_BUNDLED,3,10,8443
hg4idea.add,,PLATFORM,2,2,8443
Vcs.Show.Local.Changes,,PLATFORM,35,66,8443
GoImportsFileAction,org.jetbrains.plugins.go,JB_BUNDLED,4,15,8443
PublishGroup.UploadTo,com.jetbrains.plugins.webDeployment,JB_BUNDLED,5,54,8443
DockUnpinnedMode,,PLATFORM,1,1,8443
HTTPClientConvertToCurlAndCopy,com.jetbrains.restClient,JB_BUNDLED,1,1,8443
GenerateEquals,com.intellij.java,JB_BUNDLED,3,6,8443
ChangesView.ShowCommitOptions,,PLATFORM,1,1,8443
Maven.ShowSettings,org.jetbrains.idea.maven,JB_BUNDLED,71,141,8443
RunAnything,,PLATFORM,23,89,8443
ShowParameterHintsSettings,,PLATFORM,8,9,8443
EditBuildTypes,org.jetbrains.android,JB_BUNDLED,1,1,8443
PhpGenerateConstructor,com.jetbrains.php,JB_BUNDLED,2,3,8443
EditorLineStart,,PLATFORM,1,1,8443
BookmarksView.OpenInPreviewTab,,PLATFORM,1,1,8443
com.intellij.lang.javascript.buildTools.base.JsbtTaskRunAction,JavaScript,JB_BUNDLED,1,21,8443
ExtractSuperclass,,PLATFORM,1,1,8443
EditorAddCaretPerSelectedLine,,PLATFORM,12,70,8443
GoEditActionsOnSaveAction,org.jetbrains.plugins.go.ide,JB_BUNDLED,3,4,8443
RunToolbarRunConfigurationsAction,,PLATFORM,3,3,8443
InspectThis,,PLATFORM,2,3,8443
Console.TableResult.MaximizeEditingCell,com.intellij.database,JB_BUNDLED,1,1,8443
Cargo.ShowSettings,org.rust.lang,JB_NOT_BUNDLED,2,2,8443
UML.ShowChanges,com.intellij.diagram,JB_BUNDLED,2,2,8443
FullyExpandTreeNode,,PLATFORM,3,3,8443
Generate.GetSetAccessor.JavaScript,JavaScript,JB_BUNDLED,1,1,8443
sql.SelectInDatabaseView,com.intellij.database,JB_BUNDLED,1,1,8443
PhpListenDebugAction,com.jetbrains.php,JB_BUNDLED,6,16,8443
CreateOpenapiSpecification,com.intellij.swagger,JB_BUNDLED,3,3,8443
MoveTabRight,,PLATFORM,51,142,8443
defaultLombokGetter,Lombook Plugin,JB_BUNDLED,2,2,8443
HelpTopics,,PLATFORM,5,5,8443
GotoLine,,PLATFORM,18,23,8443
MaintenanceAction,,PLATFORM,4,4,8443
Console.TableResult.ColumnSortReset,com.intellij.database,JB_BUNDLED,1,1,8443
GoFmtProjectAction,org.jetbrains.plugins.go,JB_BUNDLED,1,3,8443
ShowLearnPanel,training,JB_BUNDLED,4,5,8443
RunToCursor,,PLATFORM,1,1,8443
MoveStatementUp,,PLATFORM,1,1,8443
Console.Jdbc.ChooseSession,com.intellij.database,JB_BUNDLED,2,3,8443
Subversion.ImportToSVNRepository,Subversion,JB_BUNDLED,1,1,8443
GetJoinLinkAction,com.jetbrains.codeWithMe,JB_BUNDLED,1,2,8443
Vcs.ShowTabbedFileHistory,,PLATFORM,131,412,8443
ShowGulpTasks,JavaScript,JB_BUNDLED,1,1,8443
SplitHorizontally,,PLATFORM,32,50,8443
ConfigureSoftWraps,,PLATFORM,24,28,8443
ExpandToLevel3,,PLATFORM,1,2,8443
CopyPathFromRepositoryRootProvider,Git4Idea,JB_BUNDLED,6,11,8443
EditorCodeBlockEnd,,PLATFORM,1,2,8443
MemoryView.ShowOnlyWithDiff,,PLATFORM,1,2,8443
SurroundWith,,PLATFORM,40,137,8443
EditorToggleCase,,PLATFORM,431,503,8443
ReSharperGotoImplementation,,PLATFORM,2,3,8443
Move,,PLATFORM,29,72,8443
tasks.goto,com.intellij.tasks,JB_BUNDLED,7,12,8443
Dart.Restart.Analysis.Server,Dart,JB_NOT_BUNDLED,5,21,8443
Cargo.RunExternalLinter,org.rust.lang,JB_NOT_BUNDLED,2,2,8443
GotoPreviousBookmark,,PLATFORM,1,1,8443
ShowPackageCycles,com.intellij.java,JB_BUNDLED,1,1,8443
SilentCodeCleanup,,PLATFORM,7,45,8443
CPP.NewCMakeListsFile,com.intellij.clion,JB_BUNDLED,3,4,8443
GithubCopyPathProvider,org.jetbrains.plugins.github,JB_BUNDLED,3,3,8443
intellij.api.watcher.find.external.usages.from.anywhere,com.jetbrains.intellij.api.watcher,JB_NOT_BUNDLED,1,7,8443
Git.Reword.Commit,Git4Idea,JB_BUNDLED,1,1,8443
GotoNextError,,PLATFORM,13,100,8443
performancePlugin.ShowMemoryDialogAction,,PLATFORM,20,23,8443
EditorLineEndWithSelection,,PLATFORM,1,1,8443
Kotlin.NewScript,org.jetbrains.kotlin,JB_BUNDLED,1,1,8443
MessDetectorAddToIgnored,com.jetbrains.php,JB_BUNDLED,1,1,8443
Git.Reset.In.Log,Git4Idea,JB_BUNDLED,1,3,8443
DeviceAndSnapshotComboBox,org.jetbrains.android,JB_BUNDLED,1,1,8443
Android.Device.Picker.Help,org.jetbrains.android,JB_BUNDLED,1,1,8443
CheckinProject,,PLATFORM,103,570,8443
CollectZippedLogs,,PLATFORM,4,8,8443
ExecuteInPyConsoleAction,Pythonid,JB_BUNDLED,1,14,8443
RiderUnitTestRunSolutionAction,,PLATFORM,3,6,8443
RecentChangedFiles,,PLATFORM,4,4,8443
rails:generator:migration,org.jetbrains.plugins.ruby,JB_BUNDLED,1,5,8443
Git.CreateNewBranch,Git4Idea,JB_BUNDLED,55,176,8443
IntroduceConstant,,PLATFORM,17,42,8443
WelcomeScreen.Configure.ProjectStructure,com.intellij.java,JB_BUNDLED,4,5,8443
ToggleCompletionHintsAction,,PLATFORM,1,1,8443
ProjectView.FoldersAlwaysOnTop,,PLATFORM,6,18,8443
Cargo.RustfmtFile,org.rust.lang,JB_NOT_BUNDLED,5,11,8443
SynchronizeCurrentFile,,PLATFORM,13,28,8443
org.jetbrains.r.run.graphics.ui.RZoomGraphicsAction,R4Intellij,JB_BUNDLED,2,2,8443
Resume,,PLATFORM,1,16,8443
Console.TableResult.Copy.Csv.Settings,com.intellij.database,JB_BUNDLED,2,2,8443
hg4idea.merge.files,hg4idea,JB_BUNDLED,1,4,8443
com.intellij.tools.ToolAction,,PLATFORM,64,665,8443
Github.Open.In.Browser,org.jetbrains.plugins.github,JB_BUNDLED,49,152,8443
RiderFileFormattingInfo,,PLATFORM,2,2,8443
ChangeCodeStyleScheme,,PLATFORM,30,40,8443
ShowSQLLog,com.intellij.database,JB_BUNDLED,2,2,8443
CMake.ReloadCMakeProject,com.intellij.clion,JB_BUNDLED,13,50,8443
CompareDirs,,PLATFORM,14,40,8443
PlaybackLastMacro,,PLATFORM,1,15,8443
AnonymousToInner,com.intellij.java,JB_BUNDLED,2,5,8443
NotebookInsertCellBelowAction,com.jetbrains.pycharm.ds.customization,JB_BUNDLED,1,1,8443
IntroduceParameterObject,,PLATFORM,2,3,8443
Git.ResolveConflicts,Git4Idea,JB_BUNDLED,144,345,8443
IntroduceVariable,,PLATFORM,35,113,8443
JsonPathEvaluateAction,,PLATFORM,4,4,8443
CopyPathWithLineNumber,,PLATFORM,2,3,8443
GotoCustomRegion,,PLATFORM,5,5,8443
Scala.ShowImplicits,org.intellij.scala,JB_NOT_BUNDLED,9,23,8443
Load.V8.Heap.Snapshot,NodeJS,JB_BUNDLED,2,6,8443
JupyterConfigureShortcutsAction,Pythonid,JB_NOT_BUNDLED,1,1,8443
Go.NewGoFile,org.jetbrains.plugins.go,JB_BUNDLED,1,4,8443
NextTemplateParameter,,PLATFORM,1,1,8443
ReSyncRemoteProject,com.jetbrains.clion.plugins.webDeployment,JB_BUNDLED,3,9,8443
PhpNewFile,com.jetbrains.php,JB_BUNDLED,1,2,8443
ResetWindowsDefenderNotification,,PLATFORM,1,1,8443
EntityFramework.UpdateDatabase,,PLATFORM,1,7,8443
AgpUpgrade,org.jetbrains.android,JB_BUNDLED,1,1,8443
IntroduceParameter,,PLATFORM,8,12,8443
DatabaseView.LinkedDataSource.CreateDataSource,com.intellij.database,JB_BUNDLED,8,12,8443
Unscramble,,PLATFORM,15,26,8443
EditorDeleteLine,,PLATFORM,14,38,8443
com.jetbrains.rider.interactive.csi.StartCSharpInteractive,,PLATFORM,3,3,8443
RiderShowIncomingCalls,,PLATFORM,1,2,8443
Debugger.RemoveAllBreakpoints,,PLATFORM,36,90,8443
ViewMainMenu,,PLATFORM,97,215,8443
CommentByLineComment,,PLATFORM,70,335,8443
com.jetbrains.rider.debugger.actions.RiderAttachToRemoteProcessAction,,PLATFORM,1,4,8443
DBGPProxy.Configuration,com.jetbrains.php,JB_NOT_BUNDLED,1,1,8443
Subversion.BrowseSVNRepository,Subversion,JB_BUNDLED,1,5,8443
MarkExcludeRoot,,PLATFORM,7,9,8443
GotoFile,,PLATFORM,3,10,8443
ShowRecentTests,com.intellij.java,JB_BUNDLED,1,1,8443
EntityFramework.InitialSetup,,PLATFORM,1,1,8443
Git.Stash.Refresh,Git4Idea,JB_BUNDLED,1,1,8443
GotoTest,,PLATFORM,16,25,8443
TerminalSplitActionBase$Horizontal,org.jetbrains.plugins.terminal,JB_BUNDLED,1,3,8443
EditorIncreaseFontSize,,PLATFORM,141,475,8443
ShowExperiments,,PLATFORM,28,39,8443
Register,,PLATFORM,11,11,8443
PhpDetectPsroRoots,com.jetbrains.php,JB_BUNDLED,3,8,8443
VimFindActionIdAction,IdeaVIM,JB_NOT_BUNDLED,13,25,8443
InstallNodeLocalDependencies$Root,JavaScript,JB_BUNDLED,13,19,8443
ScopeView.EditScopes,,PLATFORM,4,4,8443
ES6.Generate.Index,JavaScript,JB_BUNDLED,8,14,8443
com.jetbrains.rider.nuget.management.RiderNuGetManagementPanel$restoreButton$1,,PLATFORM,1,1,8443
CreateOpenapiSpecification,com.intellij.swagger,JB_NOT_BUNDLED,2,2,8443
GenerateTestMethod,com.intellij.java,JB_BUNDLED,2,2,8443
Debugger.AddInlineWatch,,PLATFORM,2,3,8443
WebServicesPlugin.GenerateJavaFromWsdl,com.jetbrains.jax.ws,JB_BUNDLED,3,10,8443
PasteMultiple,,PLATFORM,4,18,8443
Github.Share,org.jetbrains.plugins.github,JB_BUNDLED,28,43,8443
Git.Unstash,Git4Idea,JB_BUNDLED,105,296,8443
PySwitchSdkAction,com.jetbrains.pycharm.community.customization,JB_BUNDLED,16,31,8443
CWMOpenSettingsAction,com.jetbrains.codeWithMe,JB_BUNDLED,34,117,8443
ActivateBookmarksToolWindow,,PLATFORM,35,42,8443
Vcs.VcsClone,,PLATFORM,23,51,8443
EditorDuplicate,,PLATFORM,7,7,8443
ToggleBookmark,,PLATFORM,11,19,8443
EditorIndentSelection,,PLATFORM,4,5,8443
com.intellij.space.vcs.clone.SpaceCloneAction,com.jetbrains.space,JB_BUNDLED,6,6,8443
ActivateNuGetToolWindow,,PLATFORM,5,33,8443
ChangesView.NewChangeList,,PLATFORM,4,4,8443
EmmetUpdateTag,,PLATFORM,1,1,8443
ActivateNavBar,,PLATFORM,1,1,8443
EditorSwapSelectionBoundaries,,PLATFORM,1,1,8443
ToggleReadOnlyAttribute,,PLATFORM,2,4,8443
VueExtractComponentAction,org.jetbrains.plugins.vue,JB_NOT_BUNDLED,1,1,8443
CreateResourceBundle,com.intellij.properties,JB_BUNDLED,2,2,8443
Annotate,,PLATFORM,235,1211,8443
ActivateVersionControlToolWindow,,PLATFORM,38,48,8443
ImportProject,com.intellij.java,JB_BUNDLED,33,101,8443
Images.SetBackgroundImage,com.intellij.platform.images,JB_BUNDLED,72,359,8443
Synchronize,,PLATFORM,25,53,8443
RunClass,,PLATFORM,9,24,8443
org.intellij.plugins.markdown.fileActions.importFrom.docx.MarkdownImportFromDocxAction,org.intellij.plugins.markdown,JB_BUNDLED,2,3,8443
MoveEditorToOppositeTabGroup,,PLATFORM,13,37,8443
LocalHistory.PutLabel,,PLATFORM,4,8,8443
Debugger.AddToWatch,,PLATFORM,15,31,8443
CPP.CreateCMakeProject,com.intellij.clion,JB_BUNDLED,1,2,8443
ToggleRenderedDocPresentationForAll,,PLATFORM,4,9,8443
CloseAllToTheRight,,PLATFORM,2,2,8443
NewModulesDiagram,com.intellij.diagram,JB_BUNDLED,1,1,8443
UIDefaults,,PLATFORM,2,8,8443
PhpNewClass,com.jetbrains.php,JB_BUNDLED,3,4,8443
ShowNavBar,,PLATFORM,4,20,8443
FileStructurePopup,,PLATFORM,2,3,8443
WelcomeScreen.Plugins,,PLATFORM,1039,1720,8443
CallSaul,,PLATFORM,18,23,8443
UiDebugger,,PLATFORM,3,3,8443
Scratch.ExportToScratch,,PLATFORM,1,1,8443
ProblemsView.OpenInPreviewTab,,PLATFORM,2,7,8443
ExternalJavaDoc,,PLATFORM,3,3,8443
EditorPasteFromX11,,PLATFORM,1,1,8443
Console.Jdbc.ExplainAnalyse,com.intellij.database,JB_BUNDLED,1,4,8443
ExternalSystem.CreateRunConfiguration,,PLATFORM,1,1,8443
ExpandTreeNode,,PLATFORM,1,1,8443
CloseAllEditors,,PLATFORM,75,179,8443
FindInPath,,PLATFORM,44,215,8443
Gradle.ShowDaemons,com.intellij.gradle,JB_BUNDLED,8,13,8443
Git.Reset,Git4Idea,JB_BUNDLED,7,16,8443
$SelectAll,,PLATFORM,3,3,8443
LoadConfigurationAction,org.jetbrains.kotlin,JB_BUNDLED,6,6,8443
DatabaseView.AddDataSourceGroup,com.intellij.database,JB_BUNDLED,2,2,8443
ViewNewToolbarAction,,PLATFORM,13,63,8443
ExpandAllToLevel1,,PLATFORM,2,17,8443
Cargo.RunCargoCommand,org.rust.lang,JB_NOT_BUNDLED,2,3,8443
NotebookDeleteCellAction,Pythonid,JB_BUNDLED,1,13,8443
EditorDelete,,PLATFORM,34,5837,8443
ViewBreakpoints,,PLATFORM,33,65,8443
ConvertToWindowsLineSeparators,,PLATFORM,1,1,8443
org.jetbrains.plugins.ruby.gem.bundler.actions.RunBundlerInstallAction,org.jetbrains.plugins.ruby,JB_BUNDLED,9,14,8443
PublishGroup.SyncLocalVsRemoteWith,com.jetbrains.plugins.webDeployment,JB_BUNDLED,2,3,8443
ShowFilePath,,PLATFORM,4,7,8443
CommentByLineComment,Pythonid,JB_NOT_BUNDLED,6,22,8443
RerunTests,,PLATFORM,9,10,8443
Scala.RunConsole,org.intellij.scala,JB_NOT_BUNDLED,1,2,8443
CompDB.RefreshCompDbProject,com.intellij.clion-compdb,JB_BUNDLED,1,1,8443
WebDeployment.Configuration,com.jetbrains.plugins.webDeployment,JB_BUNDLED,11,16,8443
ClangdReportBugAction,com.intellij.cidr.lang.clangd,JB_BUNDLED,1,1,8443
Ruby.GotoTypeSignature,org.jetbrains.plugins.ruby,JB_BUNDLED,1,6,8443
Exit,,PLATFORM,3,3,8443
TC.VCS.RemoteRunAction,Jetbrains TeamCity Plugin,JB_NOT_BUNDLED,1,3,8443
CopyTBXReference,,PLATFORM,2,2,8443
PrettierImportCodeStyleAction,intellij.prettierJS,JB_NOT_BUNDLED,1,1,8443
RiderUnitTestNavigateToExplorerAction,,PLATFORM,1,1,8443
com.intellij.openapi.actionSystem.impl.ChameleonAction,,PLATFORM,1,1,8443
ShowArchitectureDiagramAction,com.jetbrains.rider.diagram,JB_BUNDLED,1,1,8443
ChangesView.ApplyPatch,,PLATFORM,58,84,8443
Vcs.UpdateProject,,PLATFORM,52,228,8443
CreateVueSingleFileComp,org.jetbrains.plugins.vue,JB_BUNDLED,2,3,8443
ShowUnitySettingsInRider,com.intellij.resharper.unity,JB_BUNDLED,1,1,8443
RevealIn,,PLATFORM,15,34,8443
Swift.PackageManager.Resolve,com.intellij.appcode,JB_BUNDLED,1,1,8443
Git.Merge.Abort,Git4Idea,JB_BUNDLED,3,5,8443
RebuildProject,com.intellij.clion,JB_BUNDLED,1,1,8443
Git.Log.Branches.GroupBy.Repository,Git4Idea,JB_BUNDLED,1,2,8443
NotebookInsertCellAboveAction,com.jetbrains.pycharm.ds.customization,JB_BUNDLED,2,3,8443
org.intellij.plugins.markdown.fileActions.export.MarkdownExportAction,org.intellij.plugins.markdown,JB_BUNDLED,1,4,8443
LogFocusRequests,,PLATFORM,6,16,8443
ActivateTerminalToolWindow,,PLATFORM,136,394,8443
VimPluginToggle,IdeaVIM,JB_NOT_BUNDLED,21,99,8443
CIDR.Interactive.SendToCling,com.intellij.cidr.lang,JB_BUNDLED,1,2,8443
WelcomeScreen.CreateWebProject,com.jetbrains.plugins.webDeployment,JB_BUNDLED,1,3,8443
MaximizeEditorInSplit,,PLATFORM,3,13,8443
PhpStanAddToIgnored,com.intellij.php.tools.quality.phpstan,JB_NOT_BUNDLED,1,1,8443
NotebookMoveCellDownAction,com.jetbrains.pycharm.ds.customization,JB_BUNDLED,1,1,8443
GoFmtFileAction,org.jetbrains.plugins.go,JB_BUNDLED,3,10,8443
HippieCompletion,,PLATFORM,1,1,8443
NewPythonPackage,Pythonid,JB_NOT_BUNDLED,1,1,8443
BookmarksView.Create,,PLATFORM,1,1,8443
Maven.AddManagedFiles,org.jetbrains.idea.maven,JB_BUNDLED,33,66,8443
PhpUnitGenerateTestMethod,com.jetbrains.php,JB_BUNDLED,1,1,8443
SurroundWithLiveTemplate,,PLATFORM,10,12,8443
JupyterClearOutputsAction,Pythonid,JB_NOT_BUNDLED,1,3,8443
ChangesView.AddUnversioned,,PLATFORM,3,4,8443
Rust.ReexpandMacrosAction,org.rust.lang,JB_NOT_BUNDLED,1,1,8443
NotebookConvertToCodeCellAction,Pythonid,JB_BUNDLED,1,1,8443
MarkNotificationsAsRead,,PLATFORM,3,29,8443
FindNext,,PLATFORM,5,5,8443
Cargo.RustfmtCargoProject,org.rust.lang,JB_NOT_BUNDLED,6,38,8443
AssemblyExplorerOpen,,PLATFORM,2,2,8443
NotebookOutputCollapseSingleInCellAction,,PLATFORM,1,1,8443
tasks.edit,com.intellij.tasks,JB_BUNDLED,2,14,8443
RdFindReferencedCodeAction,,PLATFORM,1,1,8443
ValidateXml,,PLATFORM,1,1,8443
Git.Tag,Git4Idea,JB_BUNDLED,10,42,8443
ProjectView.OpenInPreviewTab,,PLATFORM,10,20,8443
EditMacros,,PLATFORM,3,4,8443
Scala.RenameJavaToScala,org.intellij.scala,JB_NOT_BUNDLED,1,1,8443
ProjectFromVersionControl,,PLATFORM,4,5,8443
SafeDelete,,PLATFORM,6,9,8443
com.intellij.usages.impl.UsageViewImpl$ShowSettings,,PLATFORM,4,4,8443
QuickEvaluateExpression,,PLATFORM,2,3,8443
performancePlugin.ProfileIndexingAction,com.jetbrains.performancePlugin,JB_BUNDLED,2,2,8443
context.save,com.intellij.tasks,JB_BUNDLED,3,4,8443
ViewInplaceComments,,PLATFORM,16,82,8443
ImportModule,com.intellij.java,JB_BUNDLED,10,29,8443
CloseFirstNotification,,PLATFORM,1,2,8443
ExpandAllToLevel3,,PLATFORM,2,2,8443
com.intellij.openapi.actionSystem.ex.InvokeQuickListAction,,PLATFORM,7,14,8443
GotoClass,,PLATFORM,6,56,8443
IntroduceField,,PLATFORM,5,6,8443
Vcs.QuickListPopupAction,,PLATFORM,7,9,8443
com.jetbrains.python.console.RunPythonOrDebugConsoleAction,Pythonid,JB_NOT_BUNDLED,2,3,8443
EditorCopy,,PLATFORM,1,1,8443
performancePlugin.OpenIndexingDiagnosticsAction,com.jetbrains.performancePlugin,JB_BUNDLED,1,1,8443
Show.Current.Revision,,PLATFORM,1,2,8443
CloseAllNotifications,,PLATFORM,9,30,8443
StructuralNavigationForward,,PLATFORM,1,1,8443
Clean,com.intellij.cidr.base,JB_BUNDLED,4,9,8443
Git.Rebase.Continue,Git4Idea,JB_BUNDLED,7,29,8443
CompileDirty,com.intellij.java,JB_BUNDLED,10,14,8443
ManageProjectTemplates,,PLATFORM,3,3,8443
EditorCompleteStatement,,PLATFORM,3,3,8443
ShowIntentionActions,,PLATFORM,5,8,8443
org.jetbrains.r.rendering.chunk.ImageSettingsAction,R4Intellij,JB_NOT_BUNDLED,1,2,8443
MakeExplicit,org.intellij.scala,JB_NOT_BUNDLED,1,1,8443
ComposerDumpAutoloadAction,com.jetbrains.php,JB_BUNDLED,1,1,8443
ShowTypeBookmarks,,PLATFORM,1,1,8443
Rust.ConsoleREPL,org.rust.lang,JB_NOT_BUNDLED,1,1,8443
Git.CompareWithBranch,Git4Idea,JB_BUNDLED,74,325,8443
CloseProject,,PLATFORM,118,448,8443
EditorJoinLines,,PLATFORM,13,48,8443
NewPackageJsonFile,JavaScript,JB_BUNDLED,13,13,8443
ReplaceInPath,,PLATFORM,53,102,8443
EditorForwardParagraph,,PLATFORM,1,1,8443
NewPythonFile,PythonCore,JB_BUNDLED,3,3,8443
FindUsages,,PLATFORM,16,51,8443
RenameElement,,PLATFORM,138,997,8443
Rider.ProblemsView.ErrorsInSolution,,PLATFORM,11,13,8443
com.intellij.execution.ExecutorRegistryImpl$ExecutorAction,,PLATFORM,1,3,8443
Diff.ShowStandaloneDiff,,PLATFORM,1,1,8443
EditorContextInfo,,PLATFORM,1,1,8443
Replace,,PLATFORM,49,71,8443
Rails.RunGenerator,org.jetbrains.plugins.ruby,JB_BUNDLED,1,2,8443
JupyterRestartKernelAction,Pythonid,JB_BUNDLED,1,1,8443
com.jetbrains.packagesearch.intellij.plugin.actions.AddDependencyAction,com.jetbrains.packagesearch.intellij-plugin,JB_BUNDLED,1,1,8443
org.jetbrains.r.rendering.chunk.ExportImageAction,R4Intellij,JB_BUNDLED,1,2,8443
Tree-selectChild,,PLATFORM,1,1,8443
ChangeSignature,,PLATFORM,14,125,8443
CopyReferencePopupGroup,,PLATFORM,21,76,8443
EditorSearchSession.ToggleRegex,,PLATFORM,7,28,8443
CopyAbsolutePath,,PLATFORM,6,6,8443
CloseAllToTheLeft,,PLATFORM,1,1,8443
FloatMode,,PLATFORM,1,2,8443
Maven.AlwaysShowArtifactId,org.jetbrains.idea.maven,JB_BUNDLED,1,3,8443
CWMThinClientShowPopupAction,,PLATFORM,1,1,8443
tasks.close,com.intellij.tasks,JB_BUNDLED,1,1,8443
Debug,,PLATFORM,20,129,8443
RunInspection,,PLATFORM,26,63,8443
ChangesView.CreatePatch,,PLATFORM,10,14,8443
ShowKotlinBytecode,org.jetbrains.kotlin,JB_BUNDLED,18,36,8443
XDebugger.SwitchWatchesInVariables,,PLATFORM,7,52,8443
com.intellij.execution.impl.ConsoleViewImpl$ClearThisConsoleAction,,PLATFORM,1,1,8443
NewPythonFile,Pythonid,JB_BUNDLED,2,2,8443
EditorDeleteToLineEnd,,PLATFORM,1,1,8443
Scala.ShowImplicitConversions,org.intellij.scala,JB_NOT_BUNDLED,1,4,8443
Educational.WatchTutorial,com.jetbrains.edu,JB_NOT_BUNDLED,1,1,8443
EditorDecreaseFontSize,,PLATFORM,40,96,8443
NewComposerJsonFile,com.jetbrains.php,JB_BUNDLED,7,7,8443
StructuralSearchPlugin.StructuralSearchAction,,PLATFORM,13,35,8443
GotoDeclarationOnly,,PLATFORM,1,1,8443
tasks.close,com.intellij.tasks,JB_NOT_BUNDLED,1,1,8443
PyRunFileInConsole,Pythonid,JB_BUNDLED,1,1,8443
Jdbc.OpenConsole.New,com.intellij.database,JB_BUNDLED,2,2,8443
NewProject,,PLATFORM,2,2,8443
ChangesView.UnshelveSilently,,PLATFORM,1,1,8443
Rust.RebuildAllDefMaps,org.rust.lang,JB_NOT_BUNDLED,1,1,8443
Git.Clone,Git4Idea,JB_BUNDLED,64,75,8443
Git.Rebase,Git4Idea,JB_BUNDLED,78,344,8443
com.intellij.lang.ant.config.actions.TargetAction,AntSupport,JB_BUNDLED,1,13,8443
JumpToColorsAndFonts,,PLATFORM,32,53,8443
EditorTextStart,,PLATFORM,2,2,8443
ExpandToLevel2,,PLATFORM,3,7,8443
ExpandRegion,,PLATFORM,5,16,8443
ProjectView.ShowExcludedFiles,,PLATFORM,4,14,8443
Terminal.RenameSession,org.jetbrains.plugins.terminal,JB_BUNDLED,3,5,8443
ReloadProjectAction,,PLATFORM,2,2,8443
JBLogin,,PLATFORM,1,2,8443
ShelveChanges.UnshelveWithDialog,,PLATFORM,2,4,8443
CreateServletAction,com.intellij.javaee.web,JB_BUNDLED,1,5,8443
Scratch.ChangeLanguage,,PLATFORM,7,17,8443
Maven.ExecuteGoal,org.jetbrains.idea.maven,JB_BUNDLED,22,118,8443
ActivateProjectToolWindow,,PLATFORM,21,21,8443
Build,com.intellij.cidr.base,JB_BUNDLED,1,1,8443
com.jetbrains.plugins.vagrant.actions.VagrantHaltAction,org.jetbrains.plugins.vagrant,JB_BUNDLED,1,1,8443
tasks.switch,com.intellij.tasks,JB_BUNDLED,1,1,8443
Git.Squash.Commits,Git4Idea,JB_BUNDLED,5,7,8443
Spring.Create.Context.File,com.intellij.spring,JB_BUNDLED,2,3,8443
EditorSetRtlBidiTextDirection,,PLATFORM,2,9,8443
ParameterInfo,,PLATFORM,4,21,8443
rbs.cli.ancestors,org.jetbrains.plugins.ruby,JB_BUNDLED,1,1,8443
EditorUnindentSelection,,PLATFORM,1,1,8443
TerminalDecreaseFontSize,,PLATFORM,1,2,8443
ChangeKeymap,,PLATFORM,147,307,8443
TypeScript.Restart.Service,JavaScript,JB_BUNDLED,64,156,8443
ChooseRuntime,,PLATFORM,114,231,8443
OpenEditorInOppositeTabGroup,,PLATFORM,2,4,8443
RescanPythonModulesAndPackages,Pythonid,JB_BUNDLED,7,22,8443
EditorLineStartWithSelection,,PLATFORM,1,1,8443
EscapeEntities,,PLATFORM,1,1,8443
Git.Revert.In.Log,Git4Idea,JB_BUNDLED,1,3,8443
ProjectView.SortByType,,PLATFORM,2,6,8443
BuildProfile,com.intellij.clion,JB_BUNDLED,1,3,8443
ExternalSystem.ShowCommonSettings,,PLATFORM,4,4,8443
JupyterStopServerAction,Pythonid,JB_BUNDLED,2,2,8443
EditorStartNewLine,,PLATFORM,1,1,8443
Console.TableResult.Copy.Csv.Settings.ForExport,com.intellij.database,JB_BUNDLED,2,2,8443
EditBookmark,,PLATFORM,1,1,8443
ToggleLineBreakpoint,,PLATFORM,8,38,8443
Maven.Reimport,org.jetbrains.idea.maven,JB_BUNDLED,90,372,8443
Vcs.Show.Log,,PLATFORM,12,14,8443
ShowExecutionPoint,,PLATFORM,1,1,8443
StoreDefaultLayout,,PLATFORM,4,4,8443
Actions.ActionsPlugin.GenerateToString,com.intellij.java,JB_BUNDLED,7,10,8443
EditorScrollDown,,PLATFORM,2,2,8443
JupyterStartServerAction,Pythonid,JB_BUNDLED,1,1,8443
Debugger.ReloadFile,com.intellij.java,JB_BUNDLED,1,1,8443
Swift.Generate.Init,com.intellij.swift.lang,JB_BUNDLED,1,1,8443
NewPythonFile,Pythonid,JB_NOT_BUNDLED,1,1,8443
Kotlin.NewWorksheet,org.jetbrains.kotlin,JB_BUNDLED,1,1,8443
rake:db:migrate,org.jetbrains.plugins.ruby,JB_BUNDLED,2,3,8443
ChangesView.Revert,,PLATFORM,37,102,8443
GenerateCopyright,com.intellij.copyright,JB_BUNDLED,8,26,8443
EditorDown,,PLATFORM,38,5237,8443
EditorPreviousWordInDifferentHumpsModeWithSelection,,PLATFORM,4,4,8443
JupyterClearOutputsAction,com.jetbrains.pycharm.ds.customization,JB_BUNDLED,40,184,8443
CIDR.Lang.Cpp.NewClass,com.intellij.cidr.base,JB_BUNDLED,1,14,8443
EditSourceInNewWindow,,PLATFORM,5,6,8443
FillParagraph,,PLATFORM,2,2,8443
Switcher,,PLATFORM,9,14,8443
VimActions,IdeaVIM,JB_NOT_BUNDLED,16,32,8443
RebuildSolutionWithDiagnosticsAction,,PLATFORM,1,1,8443
com.goide.vgo.actions.VgoSyncAction,org.jetbrains.plugins.go,JB_BUNDLED,1,1,8443
org.jetbrains.r.run.graphics.ui.RClearGraphicsAction,R4Intellij,JB_BUNDLED,1,1,8443
Github.Create.Pull.Request,org.jetbrains.plugins.github,JB_BUNDLED,35,103,8443
NewFile,,PLATFORM,31,52,8443
Vcs.Show.Shelf,,PLATFORM,16,31,8443
QuickChangeScheme,,PLATFORM,16,27,8443
EditorLeft,,PLATFORM,1,1,8443
ExtractFunction,org.jetbrains.kotlin,JB_BUNDLED,5,11,8443
Vcs.Log.OpenAnotherTab,,PLATFORM,2,4,8443
CheckinFiles,,PLATFORM,7,19,8443
Console.Jdbc.ToggleParameters,com.intellij.database,JB_BUNDLED,1,1,8443
com.goide.vgo.actions.VgoSyncAction,org.jetbrains.plugins.go,JB_NOT_BUNDLED,1,1,8443
TC.VCS.RemoteRunPushAction,Jetbrains TeamCity Plugin,JB_NOT_BUNDLED,1,6,8443
CIDR.Lang.IntroduceTypedef,com.intellij.cidr.lang,JB_BUNDLED,1,1,8443
MoveLineDown,,PLATFORM,14,22,8443
IntroduceFunctionalVariable,,PLATFORM,2,2,8443
RiderUnitTestRunTreeTwAction,,PLATFORM,1,1,8443
SmartTypeCompletion,,PLATFORM,1,1,8443
SwitchFileBasedIndexStorageAction,,PLATFORM,1,2,8443
ToggleRenderedDocPresentation,,PLATFORM,1,1,8443
RiderNuGetShowSettingsAction,,PLATFORM,1,1,8443
Console.TableResult.ColumnSortAddAsc,com.intellij.database,JB_BUNDLED,1,2,8443
ReformatCode,,PLATFORM,348,1778,8443
Github.Sync.Fork,org.jetbrains.plugins.github,JB_BUNDLED,4,12,8443
MethodHierarchy,,PLATFORM,1,1,8443
PublishGroup.DownloadFrom,com.jetbrains.plugins.webDeployment,JB_BUNDLED,1,3,8443
Dart.DartStyle,Dart,JB_NOT_BUNDLED,2,10,8443
Hotswap,com.intellij.java,JB_BUNDLED,1,8,8443
RiderShowValueOrigin,,PLATFORM,1,1,8443
Git.Log,Git4Idea,JB_BUNDLED,5,5,8443
SelectInProjectView,,PLATFORM,22,123,8443
org.intellij.datavis.r.inlays.components.ClearOutputAction,,PLATFORM,3,3,8443
JupyterJSOutputConsole$OpenJupyterJsConsoleAction,Pythonid,JB_NOT_BUNDLED,1,1,8443
GenerateSetter,com.intellij.java,JB_BUNDLED,6,17,8443
Read.V8.Log.In.House,NodeJS,JB_BUNDLED,3,6,8443
RecentLocations,,PLATFORM,7,7,8443
PhpUnitNewTestFromClass,com.jetbrains.php,JB_BUNDLED,2,2,8443
XPathView.Actions.FindByExpression,XPathView,JB_BUNDLED,2,2,8443
ActivateMessagesToolWindow,,PLATFORM,2,3,8443
CloseOtherProjects,,PLATFORM,1,1,8443
CMake.LoadCMakeProject,com.intellij.clion,JB_BUNDLED,1,2,8443
ProjectView.AutoscrollToSource,,PLATFORM,2,6,8443
NewScratchFile,,PLATFORM,309,545,8443
EditorGutterToggleGlobalLineNumbers,,PLATFORM,150,343,8443
EditorResetFontSize,,PLATFORM,79,148,8443
ScrollPane-unitScrollUp,,PLATFORM,1,1,8443
Documentation.ToggleAutoUpdate,,PLATFORM,4,5,8443
WindowMode,,PLATFORM,1,1,8443
$Undo,,PLATFORM,8,283,8443
WelcomeScreen.OpenEclipseProject,org.jetbrains.idea.eclipse,JB_BUNDLED,1,2,8443
Scala.GenerateScaladoc,org.intellij.scala,JB_NOT_BUNDLED,1,2,8443
LogDebugConfigure,,PLATFORM,10,10,8443
context.load,com.intellij.tasks,JB_BUNDLED,5,8,8443
FixWSLFirewall,,PLATFORM,5,5,8443
rbs.cli.prototype,org.jetbrains.plugins.ruby,JB_BUNDLED,1,1,8443
VimFindActionIdAction,,PLATFORM,1,1,8443
org.intellij.plugins.markdown.ui.actions.styling.ToggleCodeSpanAction,org.intellij.plugins.markdown,JB_BUNDLED,1,2,8443
Database.Settings,com.intellij.database,JB_BUNDLED,1,1,8443
PyManagePackages,Pythonid,JB_NOT_BUNDLED,1,7,8443
CodeCleanup,,PLATFORM,39,80,8443
HTTPClient.NewRequestInToolMenuAction,com.jetbrains.restClient,JB_BUNDLED,6,8,8443
ViewObsoleteNavBarAction,,PLATFORM,2,16,8443
Maven.GroupProjects,org.jetbrains.idea.maven,JB_BUNDLED,3,9,8443
HideCoverage,,PLATFORM,10,31,8443
Svn.Show.Working.Copies,Subversion,JB_BUNDLED,1,1,8443
SharedIndexes.DumpSharedIndex,intellij.indexing.shared,JB_BUNDLED,1,1,8443
BuildProject,com.intellij.clion,JB_BUNDLED,2,2,8443
$Delete,,PLATFORM,11,14,8443
EditorShowGutterIconTooltip,,PLATFORM,1,1,8443
NewEditorConfigFile,org.editorconfig.editorconfigjetbrains,JB_BUNDLED,10,11,8443
com.jetbrains.rider.nuget.actions.RiderNuGetShowSettingsAction,,PLATFORM,1,1,8443
ToggleTypeHints,org.intellij.scala,JB_NOT_BUNDLED,2,6,8443
JupyterClearOutputsAction,Pythonid,JB_BUNDLED,9,27,8443
UndockMode,,PLATFORM,1,1,8443
NewElementSamePlace,,PLATFORM,3,3,8443
NextSplitter,,PLATFORM,2,2,8443
EditorPreviousWord,,PLATFORM,1,1,8443
RearrangeCode,,PLATFORM,16,60,8443
Stop,,PLATFORM,4,11,8443
XDebugger.Inline,,PLATFORM,7,13,8443
QuickTypeDefinition,,PLATFORM,2,5,8443
ModuleSettings,com.intellij.java,JB_BUNDLED,2,2,8443
JupyterOpenNotebookInBrowserAction,Pythonid,JB_BUNDLED,1,1,8443
NewDirectoryProject,,PLATFORM,1,3,8443
org.jetbrains.plugins.ruby.tasks.rake.RakeAction,org.jetbrains.plugins.ruby,JB_BUNDLED,1,1,8443
Rust.GenerateGetter,org.rust.lang,JB_NOT_BUNDLED,1,5,8443
ProjectView.ShowMembers,,PLATFORM,2,6,8443
tasks.show.task.description,com.intellij.tasks,JB_BUNDLED,1,1,8443
rails:generator:controller,org.jetbrains.plugins.ruby,JB_BUNDLED,3,3,8443
NotebookRunAllAction,Pythonid,JB_NOT_BUNDLED,1,2,8443
PhpCSAddToIgnored,com.jetbrains.php,JB_BUNDLED,5,6,8443
RiderManageRecentProjects,,PLATFORM,2,3,8443
org.jetbrains.r.console.RConsoleAction,R4Intellij,JB_NOT_BUNDLED,1,1,8443
Rust.Build,org.rust.lang,JB_NOT_BUNDLED,1,1,8443
InspectOnProjectModelAction,,PLATFORM,1,1,8443
NotebookRunAllAction,Pythonid,JB_BUNDLED,1,1,8443
LocalHistory.ShowHistory,,PLATFORM,93,156,8443
ShowColorPicker,,PLATFORM,15,28,8443
ActivateDatabaseToolWindow,,PLATFORM,58,105,8443
ReopenClosedTab,,PLATFORM,16,32,8443
TogglePowerSave,,PLATFORM,12,17,8443
GotoNextBookmark,,PLATFORM,3,7,8443
ProblemsView.GroupByToolId,,PLATFORM,1,2,8443
Scala.ShowImplicitArguments,org.intellij.scala,JB_NOT_BUNDLED,3,13,8443
ToggleBookmarkV,,PLATFORM,2,2,8443
Maven.ToggleSkipTests,org.jetbrains.idea.maven,JB_BUNDLED,1,2,8443
ByteCodeViewer,ByteCodeViewer,JB_BUNDLED,14,30,8443
Rust.RsPromoteModuleToDirectoryAction,org.rust.lang,JB_NOT_BUNDLED,1,1,8443
tasks.configure.servers,com.intellij.tasks,JB_BUNDLED,6,8,8443
RunConfiguration,,PLATFORM,3,3,8443
RecentChanges,,PLATFORM,3,3,8443
MemoryView.EnableTrackingWithClosedWindow,com.intellij.java,JB_BUNDLED,2,3,8443
RegisterPlugins,com.intellij.marketplace,JB_BUNDLED,4,4,8443
ToggleInlineHintsAction,,PLATFORM,3,5,8443
HTTPClient.AddRequest,com.jetbrains.restClient,JB_BUNDLED,3,5,8443
Github.Create.Gist,org.jetbrains.plugins.github,JB_BUNDLED,2,3,8443
Console.TableResult.CompareWith,com.intellij.database,JB_BUNDLED,8,9,8443
RunConfigurationTemplatesForNewProjects,,PLATFORM,3,3,8443
Console.TableResult.ShowDumpDialogAction,com.intellij.database,JB_BUNDLED,1,1,8443
RevertUnchanged,PerforceDirectPlugin,JB_BUNDLED,1,1,8443
NewScratchBuffer,,PLATFORM,85,151,8443
com.intellij.httpClient.actions.ConvertCurlToHttpRequestAction,com.jetbrains.restClient,JB_BUNDLED,3,3,8443
CopyReference,,PLATFORM,22,83,8443
AndroidConnectDebuggerAction,org.jetbrains.android,JB_BUNDLED,1,2,8443
GotoAction,,PLATFORM,14,23,8443
GotoDeclaration,,PLATFORM,21,558,8443
ToggleNodeCoreCodingAssistanceAction,JavaScript,JB_BUNDLED,4,6,8443
ExpandAllToLevel2,,PLATFORM,3,4,8443
Maven.DownloadAllDocs,org.jetbrains.idea.maven,JB_BUNDLED,1,1,8443
Groovy.CheckResources.Make,org.intellij.groovy,JB_BUNDLED,1,1,8443
InferNullity,com.intellij.java,JB_BUNDLED,1,1,8443
EditorNextWordInDifferentHumpsModeWithSelection,,PLATFORM,1,1,8443
RoslynStartSampling,,PLATFORM,1,1,8443
com.intellij.ide.actionMacro.ActionMacroManager$InvokeMacroAction,,PLATFORM,2,3,8443
delombokConstructor,Lombook Plugin,JB_BUNDLED,1,1,8443
RunPythonToolwindowAction,PythonCore,JB_BUNDLED,2,2,8443
ActivateCommitToolWindow,,PLATFORM,22,47,8443
PublishGroup.Download,com.jetbrains.plugins.webDeployment,JB_BUNDLED,5,29,8443
LocateInSolutionView,,PLATFORM,1,1,8443
Console.Jdbc.Execute.2,com.intellij.database,JB_BUNDLED,1,1,8443
VimActions,,PLATFORM,1,1,8443
EslintImportCodeStyle,JavaScript,JB_BUNDLED,1,1,8443
GotoBookmarkS,,PLATFORM,1,1,8443
PinActiveEditorTab,,PLATFORM,1,1,8443
ProjectView.FlattenPackages,,PLATFORM,1,1,8443
EditorToggleShowWhitespaces,,PLATFORM,14,36,8443
CheckIgnoredAndNotExcludedDirectories,,PLATFORM,4,4,8443
SurroundWithEmmet,,PLATFORM,7,22,8443
UpdateRunningApplication,,PLATFORM,1,3,8443
NotebookSplitCellAction,com.jetbrains.pycharm.ds.customization,JB_BUNDLED,1,1,8443
RecentFiles,,PLATFORM,14,142,8443
Kubernetes.HelmLint,com.intellij.kubernetes,JB_NOT_BUNDLED,1,1,8443
Hg.Init,hg4idea,JB_BUNDLED,1,5,8443
GenerateModuleDescriptors,com.intellij.java,JB_BUNDLED,2,2,8443
Console.Jdbc.Execute.3,com.intellij.database,JB_BUNDLED,1,1,8443
Console.Jdbc.ChooseSchema,com.intellij.database,JB_BUNDLED,1,1,8443
RiderUnitTestRunContextUntilFailAction,,PLATFORM,1,1,8443
RiderUnitTestFocusExplorerAction,,PLATFORM,3,3,8443
TerminalIncreaseFontSize,,PLATFORM,1,3,8443
ToggleDistractionFreeMode,,PLATFORM,39,90,8443
FindUsagesInFile,,PLATFORM,4,4,8443
ShowUmlDiagram,com.intellij.diagram,JB_BUNDLED,14,22,8443
GenerateGetterAndSetter,com.intellij.java,JB_BUNDLED,11,20,8443
ActivateBuildToolWindow,,PLATFORM,8,14,8443
com.intellij.notification.EventLogToolWindowFactory$EditNotificationSettings,,PLATFORM,1,1,8443
XDebugger.MuteBreakpoints,,PLATFORM,7,34,8443
EditorIndentLineOrSelection,,PLATFORM,7,9,8443
Rider.Plugins.FSharp.SendToFsi,com.jetbrains.rider.fsharp,JB_BUNDLED,2,32,8443
ChangesView.ShelveSilently,,PLATFORM,1,1,8443
Vcs.Log.CompactReferencesView,,PLATFORM,1,4,8443
RiderUnitTestDebugContextAction,,PLATFORM,2,2,8443
KotlinCodeMigration,org.jetbrains.kotlin,JB_BUNDLED,1,1,8443
TestMoveRefactiringAction,org.jetbrains.kotlin,JB_BUNDLED,1,1,8443
OpenFile,,PLATFORM,144,374,8443
Help.KeymapReference,,PLATFORM,36,38,8443
OpenInRightSplit,,PLATFORM,5,6,8443
NavigateToImmediateWindow,,PLATFORM,1,1,8443
CleanBuildFolder,com.intellij.appcode,JB_BUNDLED,2,3,8443
PsiViewerForContext,,PLATFORM,2,13,8443
CopyFileName,,PLATFORM,8,15,8443
PhpGenerateGetters,com.jetbrains.php,JB_BUNDLED,3,3,8443
EditFlavors,org.jetbrains.android,JB_BUNDLED,1,2,8443
com.intellij.execution.services.ServiceViewManagerImpl$ActivateToolWindowByContributorAction,,PLATFORM,116,150,8443
Android.SyncProject,org.jetbrains.android,JB_BUNDLED,9,76,8443
Generate,,PLATFORM,38,84,8443
PySyncPythonRequirements,Pythonid,JB_BUNDLED,3,3,8443
EditorBreadcrumbsShowBelow,,PLATFORM,7,19,8443
rails:generator:scaffold,org.jetbrains.plugins.ruby,JB_BUNDLED,1,1,8443
JupyterCreateFileAction,Pythonid,JB_BUNDLED,3,4,8443
CleanSolutionAction,,PLATFORM,3,22,8443
Subversion.Copy,Subversion,JB_BUNDLED,2,2,8443
Scala.CompilerHighlightingScala2,org.intellij.scala,JB_NOT_BUNDLED,3,6,8443
com.jetbrains.plugins.vagrant.actions.VagrantUpAction,org.jetbrains.plugins.vagrant,JB_BUNDLED,2,2,8443
Cargo.ToggleExternalLinterOnTheFlyAction,org.rust.lang,JB_NOT_BUNDLED,1,1,8443
LocalHistory.ShowSelectionHistory,,PLATFORM,5,5,8443
JumpToLastWindow,,PLATFORM,2,2,8443
Rider.ProblemsView.ShowErrors,,PLATFORM,1,3,8443
GenerateGetter,com.intellij.java,JB_BUNDLED,11,17,8443
DelegateMethods,,PLATFORM,2,2,8443
Maven.OpenSettingsXml,org.jetbrains.idea.maven,JB_BUNDLED,14,17,8443
ShowBookmarks,,PLATFORM,13,17,8443
DatabaseView.ImportFromSql,com.intellij.database,JB_BUNDLED,3,9,8443
ShowUsages,,PLATFORM,7,9,8443
ContextHelp,,PLATFORM,3,3,8443
WebServicesPlugin.GenerateJavaFromJAXBSchemas,com.jetbrains.jax.ws,JB_BUNDLED,2,2,8443
ShowErrorDescription,,PLATFORM,1,40,8443
NewPythonPackage,PythonCore,JB_BUNDLED,10,10,8443
PySwitchSdkAction,com.jetbrains.pycharm.pro.customization,JB_BUNDLED,14,32,8443
org.jetbrains.plugins.ruby.tasks.rake.RakeAction,org.jetbrains.plugins.ruby,JB_NOT_BUNDLED,1,1,8443
ImportTestsFromFile,,PLATFORM,2,5,8443
GenerateJavadoc,com.intellij.java,JB_BUNDLED,6,7,8443
DatabaseView.Tools.TruncateTableAction,com.intellij.database,JB_BUNDLED,1,1,8443
JS.TypeScript.Compile,JavaScript,JB_BUNDLED,9,33,8443
JupyterConfigureShortcutsAction,com.jetbrains.pycharm.ds.customization,JB_BUNDLED,1,2,8443
RiderShowResxEditorAction,,PLATFORM,3,3,8443
ExportToHTML,,PLATFORM,2,2,8443
ReplaceMethodWithMethodObject,com.intellij.java,JB_BUNDLED,1,1,8443
RunToolbarWidgetAction,,PLATFORM,2,2,8443
PySwitchSdkAction,com.jetbrains.pycharm.edu.customization,JB_BUNDLED,1,2,8443
com.intellij.execution.actions.RunContextAction,,PLATFORM,1,1,8443
ToggleBookmarkWithMnemonic,,PLATFORM,1,1,8443
Git.Pull,Git4Idea,JB_BUNDLED,190,984,8443
ChangeFileEncodingAction,,PLATFORM,12,26,8443
MembersPullUp,,PLATFORM,18,24,8443
ActivateServicesToolWindow,,PLATFORM,31,34,8443
AssociateWithFileType,,PLATFORM,22,29,8443
StartStopMacroRecording,,PLATFORM,6,15,8443
CMake.ChangeCMakeProjectContentRoot,com.intellij.clion,JB_BUNDLED,2,2,8443
RenameProject,,PLATFORM,4,4,8443
SearchEverywhere,,PLATFORM,17,19,8443
Git.Init,Git4Idea,JB_BUNDLED,8,8,8443
Debugger.RemoveAllBreakpointsInFile,,PLATFORM,3,3,8443
Scala.ExtractTrait,org.intellij.scala,JB_NOT_BUNDLED,2,2,8443
OpenMouseWheelSmoothScrollSettings,,PLATFORM,2,2,8443
Unwrap,,PLATFORM,4,5,8443
Rust.RebuildCurrentDefMap,org.rust.lang,JB_NOT_BUNDLED,1,2,8443
CPP.NewCppFile,com.intellij.cidr.base,JB_BUNDLED,1,1,8443
WebDeployment.ToggleAutoUpload,com.jetbrains.plugins.webDeployment,JB_BUNDLED,11,31,8443
SelectAllOccurrences,,PLATFORM,10,27,8443
CWMHostShowPopupAction,com.jetbrains.codeWithMe,JB_BUNDLED,13,15,8443
StructuralSearchPlugin.StructuralReplaceAction,,PLATFORM,6,8,8443
HideActiveWindow,,PLATFORM,3,3,8443
ShowProcessWindow,,PLATFORM,1,1,8443
ConfigureIcs,org.jetbrains.settingsRepository,JB_BUNDLED,8,20,8443
ChangesView.ViewOptions.ShowRelatedFiles,com.jetbrains.changeReminder,JB_BUNDLED,1,1,8443
Rider.Web.SetUpAspNetCoreCertificate,,PLATFORM,1,1,8443
PhpNewTest,com.jetbrains.php,JB_BUNDLED,1,1,8443
OptimizeImports,,PLATFORM,136,457,8443
OverrideMethods,,PLATFORM,29,49,8443
ImplementMethods,,PLATFORM,19,39,8443
ExtractInterface,,PLATFORM,16,41,8443
Refactorings.QuickListPopupAction,,PLATFORM,73,173,8443
ActivateHierarchyToolWindow,,PLATFORM,16,20,8443
XDebugger.AttachToProcess,,PLATFORM,27,70,8443
com.intellij.execution.actions.RunContextAction,com.jetbrains.codeWithMe,JB_BUNDLED,4,5,8443
com.jetbrains.rdclient.actions.base.BackendDelegatingAction,,PLATFORM,38,90,8443
ShelvedChanges.ShowHideDeleted,,PLATFORM,3,5,8443
DatabaseView.Refresh,com.intellij.database,JB_BUNDLED,1,4,8443
Rerun,,PLATFORM,6,105,8443
Generate.GetAccessor.JavaScript,JavaScript,JB_BUNDLED,3,9,8443
CopyElement,,PLATFORM,7,27,8443
CollapseAllRegions,,PLATFORM,59,113,8443
ReSharperNavigateTo,,PLATFORM,1,2,8443
CompareTwoFiles,,PLATFORM,28,50,8443
CreateLauncherScript,,PLATFORM,20,27,8443
RestartIde,,PLATFORM,10,12,8443
Maven.RunBuild,org.jetbrains.idea.maven,JB_BUNDLED,1,1,8443
FileEditor.OpenDataEditor,com.intellij.database,JB_BUNDLED,3,3,8443
Grails.ChangeSDK,org.intellij.grails,JB_BUNDLED,2,5,8443
BuildProject,,PLATFORM,1,1,8443
performancePlugin.ExecuteScriptAction,com.jetbrains.performancePlugin,JB_BUNDLED,1,1,8443
XamarinIOSSessionConnection,,PLATFORM,1,1,8443
About,,PLATFORM,206,246,8443
EditorGutterToggleGlobalIndentLines,,PLATFORM,3,4,8443
MakeModule,com.intellij.java,JB_BUNDLED,5,5,8443
RebuildSelectionAction,,PLATFORM,1,1,8443
RiderDebuggerApplyEncChagnes,,PLATFORM,3,4,8443
ReSharperReanalyzeAllFiles,,PLATFORM,1,1,8443
Keymap Nationalizer,com.dekonoplyov.KeymapNationalizer,JB_NOT_BUNDLED,1,1,8443
NewElement,,PLATFORM,25,89,8443
CheckSuggestedPlugins,,PLATFORM,17,18,8443
RestoreDefaultLayout,,PLATFORM,5,5,8443
Stylelint.Fix,JavaScript,JB_BUNDLED,2,3,8443
ShowFontsUsedByEditor,,PLATFORM,12,13,8443
preview.actions.MoveToHighlightingRectOnPreview,com.jetbrains.xaml.previewer,JB_BUNDLED,1,1,8443
ConvertJavaToKotlin,org.jetbrains.kotlin,JB_BUNDLED,9,16,8443
LocalChangesView.ShowOnDoubleClick.EditorPreview,,PLATFORM,1,1,8443
Generate.Constructor.JavaScript,JavaScript,JB_BUNDLED,2,8,8443
ChangesView.Refresh,,PLATFORM,7,30,8443
AppCode.OpenInXcodeAction,com.intellij.appcode,JB_BUNDLED,1,1,8443
PhpValidateWebServer,com.jetbrains.php,JB_BUNDLED,2,3,8443
com.goide.vgo.actions.VgoTidyAction,org.jetbrains.plugins.go,JB_NOT_BUNDLED,1,1,8443
GuiDesigner.AddGroup,com.intellij.uiDesigner,JB_BUNDLED,1,1,8443
SaveAsTemplate,,PLATFORM,6,7,8443
EditorSplitLine,,PLATFORM,3,3,8443
CheckForUpdate,,PLATFORM,51,84,8443
ViewMembersInNavigationBar,,PLATFORM,9,53,8443
UnsplitAll,,PLATFORM,24,46,8443
ActivateDebugToolWindow,,PLATFORM,15,17,8443
com.jetbrains.rider.actions.RiderActionsHost$MenuItemActionStub,,PLATFORM,5,8,8443
CommitView.ShowOnDoubleClick.EditorPreview,,PLATFORM,2,20,8443
org.jetbrains.plugins.ruby.rails.console.RunRailsConsoleAction,org.jetbrains.plugins.ruby,JB_BUNDLED,5,10,8443
com.jetbrains.python.console.RunPythonOrDebugConsoleAction,Pythonid,JB_BUNDLED,1,1,8443
NotebookPasteCellAction,com.jetbrains.pycharm.ds.customization,JB_BUNDLED,1,1,8443
DebugBuildProcess,com.intellij.java,JB_BUNDLED,1,2,8443
RunToolbarRemoveSlotAction,,PLATFORM,2,2,8443
WelcomeScreen.Configure.RestoreDefault,,PLATFORM,24,29,8443
editRunConfigurations,,PLATFORM,75,128,8443
ActivateProblemsViewToolWindow,,PLATFORM,13,16,8443
CodeCompletion,,PLATFORM,6,11,8443
Groovy.Console,org.intellij.groovy,JB_BUNDLED,10,15,8443
AttachProject,,PLATFORM,2,4,8443
ComposerShowLogAction,com.jetbrains.php,JB_BUNDLED,1,1,8443
Docker.AddDockerConnection,Docker,JB_BUNDLED,8,8,8443
TemplateProjectProperties,,PLATFORM,8,10,8443
Compare.Selected,,PLATFORM,8,33,8443
Markdown.InsertEmptyTable,org.intellij.plugins.markdown,JB_BUNDLED,4,23,8443
Github.View.Pull.Request,org.jetbrains.plugins.github,JB_BUNDLED,7,15,8443
CIDR.Lang.SwitchHeaderSource,com.intellij.cidr.lang,JB_BUNDLED,2,2,8443
UsageGrouping.UsageType,,PLATFORM,1,1,8443
MemoryView.SwitchUpdateMode,,PLATFORM,1,2,8443
DecompileKotlinToJava,org.jetbrains.kotlin,JB_BUNDLED,2,2,8443
JupyterClearCellOutputAction,Pythonid,JB_BUNDLED,2,3,8443
IgnorePharAction,com.jetbrains.php,JB_BUNDLED,1,1,8443
Git.Rebase.Abort,Git4Idea,JB_BUNDLED,3,3,8443
ChangeLaf,,PLATFORM,202,592,8443
CMake.OpenSettings,com.intellij.clion,JB_BUNDLED,9,32,8443
CreateDesktopEntry,,PLATFORM,12,12,8443
ToggleCamelSnakeCase,org.jetbrains.plugins.ruby,JB_BUNDLED,1,1,8443
VcsShowNextChangeMarker,,PLATFORM,2,4,8443
Compare.LastVersion,,PLATFORM,7,7,8443
BuildSolutionAction,,PLATFORM,1,1,8443
EditorToggleStickySelection,,PLATFORM,2,5,8443
JShell.Console,com.intellij.java,JB_BUNDLED,13,19,8443
Vcs.Log.ShowTagNames,,PLATFORM,1,1,8443
org.jetbrains.plugins.ruby.gem.bundler.actions.InstallBundlerAction,org.jetbrains.plugins.ruby,JB_BUNDLED,2,2,8443
Console.TableResult.EditFilterCriteria,com.intellij.database,JB_BUNDLED,1,2,8443
ToggleFullScreen,,PLATFORM,41,122,8443
GoGenerateConstructorAction,org.jetbrains.plugins.go,JB_BUNDLED,2,7,8443
IncrementalSearch,,PLATFORM,5,5,8443
Gradle.ExecuteTask,com.intellij.gradle,JB_BUNDLED,30,99,8443
PopupHector,,PLATFORM,3,3,8443
KotlinConfigureUpdates,org.jetbrains.kotlin,JB_BUNDLED,3,3,8443
RiderUnitTestShowSettingsAction,,PLATFORM,1,1,8443
Vcs.RollbackChangedLines,,PLATFORM,1,2,8443
SaveAs,,PLATFORM,1,2,8443
DisablePCE,,PLATFORM,1,1,8443
ProblemsView.ShowPreview,,PLATFORM,10,24,8443
ExpressionTypeInfo,,PLATFORM,6,9,8443
EditCustomVmOptions,,PLATFORM,62,90,8443
NewDir,,PLATFORM,24,48,8443
EditorToggleShowBreadcrumbs,,PLATFORM,6,78,8443
EditorSetLtrBidiTextDirection,,PLATFORM,2,9,8443
Vcs.ShowMoreActions,Git4Idea,JB_BUNDLED,6,8,8443
NotebookOutputCollapseAllInCellAction,,PLATFORM,1,7,8443
KotlinGenerateToString,org.jetbrains.kotlin,JB_BUNDLED,1,1,8443
ExtractClass,,PLATFORM,2,5,8443
org.intellij.plugins.markdown.ui.actions.styling.MarkdownIntroduceLinkReferenceAction,org.intellij.plugins.markdown,JB_BUNDLED,1,1,8443
DatabaseView.ImportDataSources,com.intellij.database,JB_BUNDLED,4,7,8443
Maven.AddFileAsMavenProject,org.jetbrains.idea.maven,JB_BUNDLED,3,3,8443
Git.Merge,Git4Idea,JB_BUNDLED,39,170,8443
HideAllWindows,,PLATFORM,8,12,8443
DatabaseView.PropertiesAction,com.intellij.database,JB_BUNDLED,14,19,8443
RunDashboard.OpenRunningConfigInNewTab,,PLATFORM,1,1,8443
Start.Use.Vcs,,PLATFORM,6,6,8443
org.jetbrains.r.packages.remote.ui.RInstallPackageAction,R4Intellij,JB_NOT_BUNDLED,2,5,8443
InstallEditorPluginAction,com.intellij.resharper.unity,JB_BUNDLED,1,1,8443
TodoViewGroupByShowProjects,,PLATFORM,1,2,8443
ExpandAllRegions,,PLATFORM,24,33,8443
MergeSettings,org.jetbrains.settingsRepository,JB_BUNDLED,1,6,8443
Maven.DownloadAllSources,org.jetbrains.idea.maven,JB_BUNDLED,2,4,8443
context.save,com.intellij.tasks,JB_NOT_BUNDLED,1,1,8443
RunJsbtTask,JavaScript,JB_BUNDLED,5,7,8443
InvertBoolean,,PLATFORM,2,2,8443
GotoSuperMethod,,PLATFORM,2,2,8443
ConfigureIcs,org.jetbrains.settingsRepository,JB_NOT_BUNDLED,1,1,8443
RiderUnitTestRunCurrentSessionAction,,PLATFORM,1,1,8443
StretchSplitToLeft,,PLATFORM,1,2,8443
CopyContentRootPath,,PLATFORM,1,1,8443
CleanGradleProject,org.jetbrains.android,JB_BUNDLED,2,3,8443
NewClass,com.intellij.java,JB_BUNDLED,25,124,8443
EditorToggleInsertState,,PLATFORM,8,12,8443
PhpGeneratePhpDocBlocks,com.jetbrains.php,JB_BUNDLED,3,4,8443
Git.Fixup.To.Commit,Git4Idea,JB_BUNDLED,1,10,8443
StoreDefaultLayout,org.jetbrains.android,JB_BUNDLED,1,2,8443
NewJavaDiagram,com.intellij.diagram,JB_BUNDLED,3,3,8443
PsiViewer,,PLATFORM,1,1,8443
Rust.GenerateConstructor,org.rust.lang,JB_NOT_BUNDLED,1,2,8443
TextComponent.ClearAction,,PLATFORM,1,1,8443
WelcomeScreen.ManageLicense,,PLATFORM,22,27,8443
Maven.ReimportProject,org.jetbrains.idea.maven,JB_BUNDLED,6,26,8443
$Copy,,PLATFORM,4,5,8443
RunToolbarEditConfigurationAction,,PLATFORM,12,16,8443
ProductivityGuide,,PLATFORM,3,3,8443
GotoImplementation,,PLATFORM,9,9,8443
CaptureMemorySnapShot,com.jetbrains.performancePlugin,JB_BUNDLED,2,2,8443
ManageTargets,,PLATFORM,1,1,8443
ResizeToolWindowRight,,PLATFORM,1,1,8443
CommitView.SwitchToCommitDialog,,PLATFORM,3,3,8443
ShowGutterIconsSettings,,PLATFORM,4,5,8443
CollapseRegionRecursively,,PLATFORM,1,1,8443
Jdbc.OpenConsole.Any,com.intellij.database,JB_BUNDLED,2,2,8443
Generate.Missing.Members.TypeScript,JavaScript,JB_BUNDLED,1,1,8443
Android.RunAndroidSdkManager,org.jetbrains.android,JB_BUNDLED,28,45,8443
FileWatcher.runForFiles,com.intellij.plugins.watcher,JB_BUNDLED,4,5,8443
MarkExcludeRoot,com.intellij.cidr.base,JB_BUNDLED,1,1,8443
org.jetbrains.r.debugger.RImportBaseDataAction,R4Intellij,JB_BUNDLED,1,1,8443
rbs.cli.parse,org.jetbrains.plugins.ruby,JB_BUNDLED,1,1,8443
CollapseTreeNode,,PLATFORM,1,1,8443
JupyterRestartKernelRunAllAction,com.jetbrains.pycharm.ds.customization,JB_BUNDLED,1,3,8443
WD.UploadCurrentRemoteFileAction,com.jetbrains.plugins.webDeployment,JB_BUNDLED,1,2,8443
ShowRegistry,,PLATFORM,170,310,8443
Javascript.Linters.EsLint.Fix,JavaScript,JB_BUNDLED,54,893,8443
Back,,PLATFORM,18,47,8443
Documentation.ToggleShowInPopup,,PLATFORM,1,9,8443
CompuleQrc,Pythonid,JB_BUNDLED,1,1,8443
DatabaseView.ForgetSchemaAction,com.intellij.database,JB_BUNDLED,1,1,8443
EditorMatchBrace,,PLATFORM,5,6,8443
EditorSetContentBasedBidiTextDirection,,PLATFORM,3,27,8443
EditorSortLines,,PLATFORM,161,702,8443
Scratch.ShowFilesPopup,,PLATFORM,12,13,8443
NewProject,com.intellij.java,JB_BUNDLED,4,4,8443
Maven.DownloadAllSourcesAndDocs,org.jetbrains.idea.maven,JB_BUNDLED,3,3,8443
ShowPermissionsAction,com.jetbrains.codeWithMe,JB_BUNDLED,1,1,8443
Debugger.CustomizeThreadsView,com.intellij.java,JB_BUNDLED,1,1,8443
ShowPackageDeps,,PLATFORM,3,3,8443
Git.Commit.And.Push.Executor,Git4Idea,JB_BUNDLED,1,1,8443
NewModule,com.intellij.java,JB_BUNDLED,2,2,8443
CWMManageLicense,com.jetbrains.codeWithMe,JB_BUNDLED,15,25,8443
ShowPopupMenu,,PLATFORM,6,6,8443
GenerateConstructor,com.intellij.java,JB_BUNDLED,21,52,8443
TypeScript.Enable.Service,JavaScript,JB_BUNDLED,7,29,8443
JupyterClearCellOutputAction,com.jetbrains.pycharm.ds.customization,JB_BUNDLED,3,5,8443
ThinClientDisconnect,,PLATFORM,2,5,8443
GoToTab1,,PLATFORM,1,2,8443
ViewOfflineInspection,,PLATFORM,1,1,8443
Git.Add,,PLATFORM,7,22,8443
DevKit.EditThemeEditorColorScheme,DevKit,JB_BUNDLED,1,1,8443
OpenCallToolwindowAction,com.jetbrains.codeWithMe,JB_BUNDLED,1,1,8443
CollapseAll,,PLATFORM,2,2,8443
DatabaseView.CopyDdlFromDbAction,com.intellij.database,JB_BUNDLED,1,4,8443
ExternalSystem.RefreshAllProjects,,PLATFORM,19,89,8443
StretchSplitToRight,,PLATFORM,2,2,8443
EditCustomProperties,,PLATFORM,9,12,8443
ProjectView.ShowVisibilityIcons,,PLATFORM,1,1,8443
Scala.NewClass,org.intellij.scala,JB_NOT_BUNDLED,2,2,8443
FindWordAtCaret,,PLATFORM,3,4,8443
GenerateJavaEntitiesFromDatabaseAction,com.intellij.javaee.jpa,JB_BUNDLED,1,1,8443
NotebookMoveCellUpAction,com.jetbrains.pycharm.ds.customization,JB_BUNDLED,1,2,8443
com.jetbrains.php.composer.ComposerInitSupportAction,com.jetbrains.php,JB_BUNDLED,1,1,8443
IdeScriptingConsole,,PLATFORM,6,8,8443
PhpGenerateGettersAndSetters,com.jetbrains.php,JB_BUNDLED,3,7,8443
BookmarksView.GroupLineBookmarks,,PLATFORM,1,8,8443
GotoUrlAction,,PLATFORM,1,1,8443
ToggleBookmarkO,,PLATFORM,1,1,8443
WelcomeScreen.CreateNewProject,com.intellij.java,JB_BUNDLED,11,25,8443
Find,,PLATFORM,6,11,8443
XDebugger.PreviewTab,,PLATFORM,4,9,8443
DevKit.ApplyTheme,DevKit,JB_BUNDLED,2,2,8443
TeamCity.MainMenu.RemoteRunAction,Jetbrains TeamCity Plugin,JB_NOT_BUNDLED,2,3,8443
ToggleTemporaryLineBreakpoint,,PLATFORM,1,1,8443
RiderUnitTestCoverTreeTwAction,com.jetbrains.dotCover,JB_BUNDLED,1,2,8443
ShowModulesDependencies,,PLATFORM,2,3,8443
ChangesView.CreatePatchFromChanges,,PLATFORM,1,1,8443
AddRemoteDataloreAction,com.jetbrains.pycharm.ds.customization,JB_BUNDLED,1,3,8443
EditorToggleUseSoftWraps,,PLATFORM,171,401,8443
PublishGroup.Upload,com.jetbrains.plugins.webDeployment,JB_BUNDLED,7,181,8443
CollapseRegion,,PLATFORM,14,49,8443
$Redo,,PLATFORM,3,5,8443
DeleteOldAppDirs,,PLATFORM,2,2,8443
RiderUnitTestCoverSolutionAction,com.jetbrains.dotCover,JB_BUNDLED,3,21,8443
org.intellij.datavis.r.inlays.components.SaveOutputAction,,PLATFORM,1,1,8443
ShowNpmScripts,JavaScript,JB_BUNDLED,28,33,8443
ViewStatusBar,,PLATFORM,15,65,8443
org.jetbrains.r.rendering.chunk.ImageSettingsAction,R4Intellij,JB_BUNDLED,2,2,8443
EditorToggleColumnMode,,PLATFORM,26,88,8443
ConfigureKotlinInProject,org.jetbrains.kotlin,JB_BUNDLED,1,1,8443
HighlightUsagesInFile,,PLATFORM,3,3,8443
ChangesView.SaveToShelve,,PLATFORM,1,2,8443
PublishGroup.CompareLocalVsRemoteWith,com.jetbrains.plugins.webDeployment,JB_BUNDLED,1,8,8443
EntityFramework.AddMigration,,PLATFORM,1,2,8443
Unscramble,com.intellij.java,JB_BUNDLED,83,192,8443
ConnectToRemoteFromHost,com.jetbrains.codeWithMe,JB_BUNDLED,1,1,8443
JavaScript.Debugger.ToggleExceptionBreakpoint,JavaScriptDebugger,JB_BUNDLED,3,4,8443
org.jetbrains.plugins.ruby.gem.util.ShowGemEnvironmentAction,org.jetbrains.plugins.ruby,JB_BUNDLED,1,1,8443
Django.RunManageTaskAction,Pythonid,JB_BUNDLED,2,9,8443
chart-demo,,PLATFORM,4,4,8443
ManageRecentProjects,,PLATFORM,34,137,8443
JupyterConfigureShortcutsAction,Pythonid,JB_BUNDLED,4,4,8443
CloseEditor,,PLATFORM,12,23,8443
EditorPasteSimple,,PLATFORM,1,5,8443
RiderEditEditorConfig,,PLATFORM,1,1,8443
ChangePHPInterpreter,com.jetbrains.php,JB_BUNDLED,9,13,8443
Help.JetBrainsTV,,PLATFORM,4,4,8443
GotoSymbol,,PLATFORM,3,3,8443
OpenExceptionSettings,,PLATFORM,8,9,8443
EditBreakpoint,,PLATFORM,2,2,8443
ShowSettingsAndFindUsages,,PLATFORM,1,2,8443
Kotlin.NewFile,org.jetbrains.kotlin,JB_BUNDLED,2,5,8443
PySyncPythonRequirements,PythonCore,JB_BUNDLED,3,4,8443
rails:generator:model,org.jetbrains.plugins.ruby,JB_BUNDLED,1,1,8443
Dart.NewDartFile,Dart,JB_NOT_BUNDLED,2,8,8443
CloudConfigSelfSettingsAction,com.intellij.CloudConfig,JB_BUNDLED,1,1,8443
WelcomeScreen.Settings,,PLATFORM,189,427,8443
SelectIn,,PLATFORM,5,6,8443
Console.Jdbc.ExplainPlan,com.intellij.database,JB_BUNDLED,4,6,8443
performancePlugin.ProfileSlowStartupAction,com.jetbrains.performancePlugin,JB_BUNDLED,1,1,8443
Load.CMakePresets,com.intellij.clion,JB_BUNDLED,2,18,8443
IntroduceTypeAlias,org.jetbrains.kotlin,JB_BUNDLED,1,2,8443
JupyterStartServerAction,com.jetbrains.pycharm.ds.customization,JB_BUNDLED,1,1,8443
Educational.HyperskillProjectAction,com.jetbrains.edu,JB_BUNDLED,1,1,8443
EditorEnter,,PLATFORM,67,9007,8443
NewPublicEnvironmentFile,com.jetbrains.restClient,JB_BUNDLED,6,6,8443
EditorBackSpace,,PLATFORM,71,44500,8443
com.jetbrains.rider.build.RiderBuildShowSettingsAction,,PLATFORM,1,1,8443
ViewToolBar,,PLATFORM,22,70,8443
com.intellij.space.vcs.review.list.SpaceRefreshReviewsListAction,com.jetbrains.space,JB_BUNDLED,3,3,8443
SliceBackward,,PLATFORM,1,3,8443
RiderUnitTestSessionTargetFrameworkClr2Action,,PLATFORM,1,1,8443
intellij.api.watcher.find.external.usages.from.editor,com.jetbrains.intellij.api.watcher,JB_NOT_BUNDLED,2,9,8443
Scala.TypeInfo,org.intellij.scala,JB_NOT_BUNDLED,1,1,8443
org.jetbrains.plugins.ruby.console.RunIRBConsoleAction,org.jetbrains.plugins.ruby,JB_BUNDLED,1,1,8443
RunDashboard.ClearContent,,PLATFORM,1,4,8443
SplitVertically,,PLATFORM,152,375,8443
com.intellij.ide.actions.ApplyIntentionAction,,PLATFORM,192,257,8443
ReformatWithPrettierAction,intellij.prettierJS,JB_BUNDLED,33,185,8443
WebDeployment.Options,com.jetbrains.plugins.webDeployment,JB_BUNDLED,5,6,8443
EditorKillRegion,,PLATFORM,1,1,8443
HidpiInfo,,PLATFORM,7,33,8443
CloseAllUnpinnedEditors,,PLATFORM,13,31,8443
Console.TableResult.PreviewDml,com.intellij.database,JB_BUNDLED,1,1,8443
InsertLiveTemplate,,PLATFORM,13,16,8443
RiderUnitTestFilterPositionOnToolbarAction,,PLATFORM,1,2,8443
PrettierImportCodeStyleAction,intellij.prettierJS,JB_BUNDLED,3,9,8443
Maven.ShowVersions,org.jetbrains.idea.maven,JB_BUNDLED,1,1,8443
EditorToggleShowLineNumbers,,PLATFORM,42,84,8443
SaveDocument,,PLATFORM,5,5,8443
EditorToggleShowIndentLines,,PLATFORM,1,6,8443
RerunFailedTests,,PLATFORM,4,12,8443
ImmediateWindowOpen,,PLATFORM,1,4,8443
GoFmtFileAction,org.jetbrains.plugins.go,JB_NOT_BUNDLED,2,2,8443
Cargo.RefreshCargoProject,org.rust.lang,JB_NOT_BUNDLED,2,10,8443
Git.Interactive.Rebase,Git4Idea,JB_BUNDLED,2,2,8443
AppCode.ProjectSettingsAction,com.intellij.appcode,JB_BUNDLED,1,1,8443
org.jetbrains.plugins.ruby.rails.console.RunRailsConsoleAction,org.jetbrains.plugins.ruby,JB_NOT_BUNDLED,1,12,8443
ExpandDocComments,,PLATFORM,1,1,8443
CompileProject,com.intellij.java,JB_BUNDLED,10,89,8443
CompareClipboardWithSelection,,PLATFORM,53,135,8443
NewStylesheetFile,com.intellij.css,JB_BUNDLED,6,6,8443
InvalidateCaches,,PLATFORM,23,27,8443
NewTypeScriptFile,JavaScript,JB_BUNDLED,7,8,8443
WebDeployment.BrowseServers,com.jetbrains.plugins.webDeployment,JB_BUNDLED,51,80,8443
Console.TableResult.Transpose,com.intellij.database,JB_BUNDLED,3,4,8443
ConfigureEditorTabs,,PLATFORM,6,6,8443
EditorLineEnd,,PLATFORM,1,2,8443
JupyterRestartKernelClearOutputsAction,com.jetbrains.pycharm.ds.customization,JB_BUNDLED,1,8,8443
DotNetProfiler.AttachToLocalProcess,com.jetbrains.dotTrace,JB_BUNDLED,2,4,8443
DatabaseView.AddDataSourceFromPath,com.intellij.database,JB_BUNDLED,3,3,8443
OpenInBrowser,,PLATFORM,2,5,8443
ExportSettings,,PLATFORM,5,7,8443
PyRunFileInConsole,Pythonid,JB_NOT_BUNDLED,1,1,8443
ToggleZenMode,,PLATFORM,55,148,8443
Unsplit,,PLATFORM,25,72,8443
EditorEscape,,PLATFORM,27,258,8443
ClassNameCompletion,,PLATFORM,6,7,8443
PySciView,Pythonid,JB_BUNDLED,5,8,8443
DatabaseView.AddDriver,com.intellij.database,JB_BUNDLED,1,1,8443
StepInto,,PLATFORM,2,3,8443
CMake.CreateLists,com.intellij.clion,JB_BUNDLED,1,1,8443
CloudConfigAction,com.intellij.CloudConfig,JB_BUNDLED,24,30,8443
ChooseRunConfiguration,,PLATFORM,29,66,8443
FixDocComment,,PLATFORM,13,33,8443
MaximizeToolWindow,,PLATFORM,1,1,8443
EditorBreadcrumbsHideBoth,,PLATFORM,8,60,8443
Print,,PLATFORM,3,5,8443
ReactExtractComponentAction,JavaScript,JB_BUNDLED,3,4,8443
EmacsStyleIndent,,PLATFORM,3,11,8443
EditorSelectWord,,PLATFORM,1,1,8443
PhpDebugBreakAtFirstLine,com.jetbrains.php,JB_BUNDLED,2,10,8443
ConfigureKotlinJsInProject,org.jetbrains.kotlin,JB_BUNDLED,1,1,8443
GotoBookmark1,,PLATFORM,1,1,8443
NewYamlCloudFormationFile,AWSCloudFormation,JB_NOT_BUNDLED,1,1,8443
Terminal.OpenInTerminal,org.jetbrains.plugins.terminal,JB_BUNDLED,17,32,8443
CollapseDocComments,,PLATFORM,8,12,8443
Maven.ToggleLookNested,org.jetbrains.idea.maven,JB_BUNDLED,3,3,8443
tasks.goto,com.intellij.tasks,JB_NOT_BUNDLED,1,1,8443
MethodDown,,PLATFORM,2,2,8443
CIDR.Lang.IntroduceVariable,com.intellij.cidr.lang,JB_BUNDLED,2,16,8443
Git.OpenExcludeFile,Git4Idea,JB_BUNDLED,2,2,8443
Performance.ActivityMonitor,,PLATFORM,7,10,8443
CopyAsPlainText,,PLATFORM,4,10,8443
NewPythonPackage,Pythonid,JB_BUNDLED,5,5,8443
CompileFile,com.intellij.java,JB_BUNDLED,2,22,8443
ShowWholeProjectMicroservicesDiagram,com.intellij.microservices.ui,JB_BUNDLED,1,1,8443
SelectNextOccurrence,,PLATFORM,8,13,8443
ShowSettingsWithAddedPattern,,PLATFORM,1,2,8443
CMake.ToggleCMakeAutoReload,com.intellij.clion,JB_BUNDLED,3,6,8443
com.android.tools.idea.actions.BrowserHelpAction,com.jetbrains.rider.android,JB_NOT_BUNDLED,1,1,8443
com.intellij.ide.actions.ActivateToolWindowAction,,PLATFORM,358,619,8443
Maven.ShowConnectors,org.jetbrains.idea.maven,JB_BUNDLED,7,9,8443
EditorDuplicateLines,,PLATFORM,9,15,8443
PinActiveTabToggle,,PLATFORM,7,17,8443
Run,,PLATFORM,29,197,8443
ConvertIndentsToTabs,,PLATFORM,15,84,8443
AnalyzePluginStartupPerformance,,PLATFORM,11,11,8443
EditorToggleShowGutterIcons,,PLATFORM,6,31,8443
EditorHungryBackSpace,,PLATFORM,4,8,8443
ActivateAntToolWindow,AntSupport,JB_BUNDLED,7,12,8443
ShowLog,,PLATFORM,3,3,8443
JupyterConsoleShowAction,com.jetbrains.pycharm.ds.customization,JB_BUNDLED,1,5,8443
Git.Stash,Git4Idea,JB_BUNDLED,111,238,8443
TypeHierarchy,,PLATFORM,10,18,8443
Compare.SameVersion,,PLATFORM,16,21,8443
ManageDotNetSdk,,PLATFORM,13,30,8443
GotoTypeDeclaration,,PLATFORM,1,1,8443
SaveProjectAsTemplate,,PLATFORM,1,1,8443
Android.ExportProjectZip,org.jetbrains.android,JB_BUNDLED,2,4,8443
NewPrivateEnvironmentFile,com.jetbrains.restClient,JB_BUNDLED,3,4,8443
NewTypeScriptConfigFile,JavaScript,JB_BUNDLED,2,3,8443
Android.RunLayoutInspector,org.jetbrains.android,JB_BUNDLED,1,1,8443
SaveAll,,PLATFORM,48,3017,8443
CommentByBlockComment,,PLATFORM,55,171,8443
EnablePackageJsonMismatchedDependenciesNotification,JavaScript,JB_BUNDLED,5,6,8443
Android.RunAndroidAvdManager,org.jetbrains.android,JB_BUNDLED,11,23,8443
Android.RunAndroidSdkManager,com.jetbrains.rider.android,JB_NOT_BUNDLED,2,2,8443
Maven.ShowEffectivePom,org.jetbrains.idea.maven,JB_BUNDLED,6,9,8443
ProjectView.ShowModules,,PLATFORM,1,3,8443
TechnicalSupport,,PLATFORM,1,1,8443
ZoomCurrentWindow,,PLATFORM,11,15,8443
ViewNavigationBar,,PLATFORM,23,55,8443
FindSelectionInPath,,PLATFORM,8,23,8443
ImportSettings,,PLATFORM,15,25,8443
GemRequirements.ShowSettings,com.jetbrains.rubymine.customization,JB_BUNDLED,7,33,8443
Console.Jdbc.Execute,com.intellij.database,JB_BUNDLED,1,1,8443
performancePlugin.StartAsyncProfilerAction,com.jetbrains.performancePlugin,JB_BUNDLED,2,2,8443
DBGPProxy.Init,com.jetbrains.php,JB_BUNDLED,1,1,8443
LoadUnloadModules,,PLATFORM,1,1,8443
com.intellij.space.vcs.share.SpaceShareProjectAction,com.jetbrains.space,JB_BUNDLED,1,1,8443
Vcs.Log.ShowAllAffected,,PLATFORM,1,1,8443
EditorMoveToPageTop,,PLATFORM,1,2,8443
EditorNextWordInDifferentHumpsMode,,PLATFORM,2,2,8443
EditorChooseLookupItem,,PLATFORM,1,1,8443
EditSource,,PLATFORM,2,2,8443
com.jetbrains.python.console.RunPythonOrDebugConsoleAction,PythonCore,JB_BUNDLED,1,1,8443
ConvertToUnixLineSeparators,,PLATFORM,5,14,8443
KotlinConsoleREPL,org.jetbrains.kotlin,JB_BUNDLED,9,11,8443
TFFmtFileAction,org.intellij.plugins.hcl,JB_NOT_BUNDLED,5,35,8443
ReformatWithPrettierAction,intellij.prettierJS,JB_NOT_BUNDLED,15,153,8443
ShowProjectStructureSettings,,PLATFORM,2,5,8443
EditorReverseLines,,PLATFORM,2,2,8443
NotebookMoveCellUpAction,Pythonid,JB_BUNDLED,1,1,8443
PublishGroup.SyncLocalVsRemote,com.jetbrains.plugins.webDeployment,JB_BUNDLED,3,4,8443
PhpGenerateSetters,com.jetbrains.php,JB_BUNDLED,1,1,8443
TogglePresentationMode,,PLATFORM,90,266,8443
ActivateStructureToolWindow,,PLATFORM,17,19,8443
RestoreDefaultSettings,,PLATFORM,13,14,8443
HTTP.Request.NewFile,com.jetbrains.restClient,JB_BUNDLED,15,20,8443
RestoreDefaultLayout,org.jetbrains.android,JB_BUNDLED,2,5,8443
ActivateUnitTestsToolWindow,,PLATFORM,1,1,8443
com.jetbrains.plugins.vagrant.actions.VagrantProvisionAction,org.jetbrains.plugins.vagrant,JB_BUNDLED,1,1,8443
ExpandToLevel5,,PLATFORM,1,1,8443
Inline,,PLATFORM,27,78,8443
EditorSearchSession.ToggleMatchCase,,PLATFORM,66,109,8443
CloseAllEditorsButActive,,PLATFORM,35,69,8443
ConvertIndentsToSpaces,,PLATFORM,14,24,8443
RESTClient.RequestFromLegacyFiles,com.jetbrains.restClient,JB_BUNDLED,2,2,8443
ViewImportPopups,,PLATFORM,1,4,8443
EmojiPicker.Open,org.jetbrains.plugins.emojipicker,JB_BUNDLED,4,42,8443
UpdateCopyright,com.intellij.copyright,JB_BUNDLED,5,11,8443
ReverteOverrideFileTypeAction,,PLATFORM,1,1,8443
ShelvedChanges.ImportPatches,,PLATFORM,1,1,8443
ShowClangdToolWindowAction,com.intellij.cidr.lang.clangd,JB_BUNDLED,1,1,8443
Git.Branches,Git4Idea,JB_BUNDLED,144,1241,8443
Android.GenerateSignedApk,org.jetbrains.android,JB_BUNDLED,1,5,8443
BuildArtifact,com.intellij.java,JB_BUNDLED,4,19,8443
ChangesView.Shelve,,PLATFORM,27,55,8443
EditorBreadcrumbsShowAbove,,PLATFORM,6,26,8443
ConvertToMacLineSeparators,,PLATFORM,2,2,8443
NextTemplateVariable,,PLATFORM,10,49,8443
PreviousWindow,,PLATFORM,2,2,8443
EditorCodeBlockEndWithSelection,,PLATFORM,2,2,8443
Android.ChooseProfileConfiguration,org.jetbrains.android,JB_BUNDLED,3,4,8443
LocalHistory.ShowLocalHistory,,PLATFORM,1,1,8443
HTTPClient.OpenCollection,com.jetbrains.restClient,JB_BUNDLED,1,1,8443
ProblemsView.SortBySeverity,,PLATFORM,1,2,8443
ChooseDebugConfiguration,,PLATFORM,15,27,8443
EditorCloneCaretAbove,,PLATFORM,16,29,8443
PoOpenSettings,com.intellij.selenium,JB_NOT_BUNDLED,1,1,8443
Scala.ExpandImplicits,org.intellij.scala,JB_NOT_BUNDLED,2,2,8443
PhpDebugBreakAtFirstLine,com.jetbrains.php,JB_NOT_BUNDLED,1,1,8443
PyConvertPackageToModuleAction,Pythonid,JB_BUNDLED,1,1,8443
Vcs.Push,,PLATFORM,143,771,8443
Git.Fetch,Git4Idea,JB_BUNDLED,260,1217,8443
ShowSettings,,PLATFORM,52,103,8443
ShowBlankDiffWindow,,PLATFORM,63,123,8443
org.jetbrains.plugins.ruby.gem.bundler.actions.RunBundlerInstallAction,org.jetbrains.plugins.ruby,JB_NOT_BUNDLED,2,2,8443
MoveLineUp,,PLATFORM,15,20,8443
Groovy.CheckResources.Rebuild,org.intellij.groovy,JB_BUNDLED,5,8,8443
ChangesView.ApplyPatchFromClipboard,,PLATFORM,28,67,8443
ShowReformatFileDialog,,PLATFORM,61,139,8443
com.jetbrains.plugins.remotesdk.console.RunSshConsoleAction,org.jetbrains.plugins.remote-run,JB_BUNDLED,36,165,8443
TerminalSplitActionBase$Vertical,org.jetbrains.plugins.terminal,JB_BUNDLED,3,10,8443
Git.Configure.Remotes,Git4Idea,JB_BUNDLED,47,65,8443
org.jetbrains.r.packages.remote.ui.RInstallPackageAction,R4Intellij,JB_BUNDLED,1,1,8443
RiderOpenSolution,,PLATFORM,4,5,8443
RiderNuGetRestoreAction,,PLATFORM,5,13,8443
GoToTab3,,PLATFORM,1,1,8443
ProblemsView.SortByName,,PLATFORM,7,28,8443
ProjectView.AutoscrollFromSource,,PLATFORM,2,4,8443
JupyterRestartKernelRunAllAction,Pythonid,JB_NOT_BUNDLED,1,2,8443
org.intellij.plugins.markdown.ui.actions.styling.MarkdownCreateLinkAction,org.intellij.plugins.markdown,JB_BUNDLED,2,13,8443
CMake.ClearCacheAndReload,com.intellij.clion,JB_BUNDLED,7,29,8443
PhpCSFixerAddToIgnored,com.jetbrains.php,JB_BUNDLED,7,11,8443
ComposerStatusAction,com.jetbrains.php,JB_BUNDLED,1,1,8443
Maven.UpdateFolders,org.jetbrains.idea.maven,JB_BUNDLED,1,5,8443
ExpandAll,,PLATFORM,1,1,8443
CloseAllUnmodifiedEditors,,PLATFORM,1,1,8443
com.goide.vgo.actions.VgoTidyAction,org.jetbrains.plugins.go,JB_BUNDLED,1,1,8443
NotebookRunAllAction,com.jetbrains.pycharm.ds.customization,JB_BUNDLED,42,202,8443
GuidGenerator,,PLATFORM,22,156,8443
CollapseSelection,,PLATFORM,4,4,8443
BuildStartupProject,,PLATFORM,1,1,8443
NewHtmlFile,,PLATFORM,1,1,8443
DatabaseView.AddDataSourceFromUrl,com.intellij.database,JB_BUNDLED,1,1,8443
TemplateProjectStructure,com.intellij.java,JB_BUNDLED,1,1,8443
ChangeView,,PLATFORM,27,64,8443
SwitchCoverage,,PLATFORM,16,26,8443
InspectCode,,PLATFORM,46,156,8443
CloudConfigSilentlyAction,com.intellij.CloudConfig,JB_BUNDLED,5,10,8443
plugin.InstallFromDiskAction,,PLATFORM,13,13,8443
EditorCloneCaretBelow,,PLATFORM,14,29,8443
RiderNuGetShowSourcesAction,,PLATFORM,1,1,8443
Vcs.ShowBranches,Git4Idea,JB_BUNDLED,2,2,8443
FindPrevious,,PLATFORM,1,1,8443
RebuildSolutionAction,,PLATFORM,7,23,8443
JumpToLastChange,,PLATFORM,1,3,8443
RiderMoreDebuggerSettings,,PLATFORM,2,3,8443
RiderUnitTestProfileCurrentSessionAction,com.jetbrains.dotTrace,JB_BUNDLED,1,1,8443
GotoPreviousError,,PLATFORM,1,8,8443
Arrangement.Custom.Token.Rule.Edit,,PLATFORM,1,1,8443
RenameFile,,PLATFORM,38,95,8443
WhatsNewAction,,PLATFORM,24,29,8443
sql.ChangeDialect,com.intellij.database,JB_BUNDLED,4,5,8443
CreateEditorConfigFile,org.editorconfig.editorconfigjetbrains,JB_BUNDLED,6,11,8443
HideSideWindows,,PLATFORM,1,1,8443
Debugger.RestoreBreakpoint,,PLATFORM,1,1,8443
com.intellij.execution.runToolbar.RunToolbarProcessMainAction,,PLATFORM,2,2,8443
Rider.Web.SetUpIisExpressCertificate,,PLATFORM,1,1,8443
context.clear,com.intellij.tasks,JB_BUNDLED,2,2,8443
RunToolbarShowHidePopupAction,,PLATFORM,1,1,8443
Vcs.ShowHistoryForBlock,,PLATFORM,33,109,8443
WelcomeScreen.Configure.Import,,PLATFORM,30,44,8443
ViewToolButtons,,PLATFORM,21,85,8443
EditorSelectSingleLineAtCaret,,PLATFORM,5,7,8443
OpenReportAction,org.intellij.qodana,JB_BUNDLED,1,1,8443
bootRuntime.main.ChooseBootRuntimeAction,com.jetbrains.ChooseRuntime,JB_NOT_BUNDLED,5,10,8443
TsLintFileFixAction,tslint,JB_BUNDLED,2,2,8443
CopySourceRootPath,,PLATFORM,2,2,8443
PublishGroup.CompareLocalVsRemote,com.jetbrains.plugins.webDeployment,JB_BUNDLED,1,3,8443
Console.TableResult.GoToExtractorsScriptsDirectory,com.intellij.database,JB_BUNDLED,1,1,8443
SettingsEntryPoint,,PLATFORM,25,34,8443
CloseContent,,PLATFORM,15,22,8443
WelcomeScreen.DevelopPlugins,com.intellij.java,JB_BUNDLED,5,6,8443
WelcomeScreen.Configure.Export,,PLATFORM,8,8,8443
hprof-viewer,,PLATFORM,1,4,8443
EditorTab,,PLATFORM,5,6,8443
ExternalSystem.AttachProject,com.intellij.java,JB_BUNDLED,2,3,8443
$SearchWeb,,PLATFORM,1,3,8443
NotebookConvertToMarkdownCellAction,com.jetbrains.pycharm.ds.customization,JB_BUNDLED,1,25,8443
Debugger.PopFrame,com.intellij.java,JB_BUNDLED,1,1,8443
CloseAllProjects,,PLATFORM,7,15,8443
QuickJavaDoc,,PLATFORM,21,99,8443
ShowProjectStructureSettings,com.intellij.java,JB_BUNDLED,48,132,8443
ProblemsView.AutoscrollToSource,,PLATFORM,1,1,8443
ViewObsoleteToolbarAction,,PLATFORM,11,30,8443
NotebookInsertCellBelowAction,Pythonid,JB_BUNDLED,1,4,8443
RemoveBom,,PLATFORM,1,2,8443
InstallNodeLocalDependencies,JavaScript,JB_BUNDLED,3,3,8443
JupyterRestartKernelRunAllAction,Pythonid,JB_BUNDLED,1,1,8443
ResizeToolWindowLeft,,PLATFORM,1,1,8443
